valor_coliformes,valor_dbo,valor_fosforo,valor_od,valor_ph,valor_solido,valor_temperatura,valor_turbidez
164083.33333333334,28.0,1.9959999999999998,1.1333333333333333,7.086666666666666,277.3333333333333,23.733333333333334,57.35
1276794.9047619049,37.095238095238095,1.0588095238095239,1.1466666666666667,7.088095238095237,478.7142857142857,21.871904761904766,75.21904761904761
1891879.9090909092,40.36363636363637,1.1566363636363635,1.111818181818182,7.001818181818181,447.0,24.104545454545452,56.18181818181818
1317703.8333333333,17.333333333333332,1.4583333333333333,1.9083333333333332,6.953333333333333,437.1666666666667,22.5,29.933333333333334
1316808.0,27.833333333333332,0.9599999999999999,1.6716666666666666,6.8,403.3333333333333,21.5,44.451666666666675
7900.0,20.0,0.8060246746375308,2.85,7.41,302.0,23.16,62.0
369.0,35.75,1.5375,1.87,6.955,296.0,22.375,16.875
1186041.142857143,29.285714285714285,0.4371428571428572,2.1985714285714284,6.128571428571428,261.0,21.371428571428574,32.77981265288946
790000.0,18.0,0.3,2.7,6.8,595.0,19.0,22.0
1838.4,22.6,1.104,2.692,6.998,468.6,22.881999999999998,43.438
1633600.3333333333,10.666666666666666,0.8783333333333333,1.6733333333333331,6.199999999999999,599.3333333333334,22.733333333333334,32.77981265288946
790000.0,9.0,0.25,1.2,6.2,305.0,22.0,70.0
91.0,10.0,0.53,2.42,7.050000000000001,156.0,22.3,32.5
1157000.0,33.0,0.6875,1.675,6.4,574.0,23.05,48.5
4766667.333333333,26.666666666666668,0.6366666666666666,0.8133333333333334,6.721295835051191,339.6666666666667,20.3,32.77981265288946
3300.0,46.0,1.34,1.84,7.33,542.0,21.537794017425632,50.0
4333338.0,39.0,0.5383333333333333,1.7833333333333332,6.366666666666667,237.66666666666666,21.266666666666666,32.77981265288946
79.0,11.0,0.05,5.1,6.9,55.0,21.563681249570536,5.0
657.625,22.125,0.42625,4.065,6.8500000000000005,154.5,22.125,22.98625
833697.5,13.5,1.5,1.27,6.6674999999999995,265.75,21.9,33.7025
2560025.4,10.2,0.575,1.302,6.721295835051191,436.6,22.080000000000002,32.56
1101150.0,26.0,0.575,3.925,7.4,278.6302498110355,23.0,47.2
2225753.449229885,17.0,0.155,1.5,6.0,542.0,18.0,32.77981265288946
1151196.6666666667,15.333333333333334,0.75,2.4083333333333337,6.333333333333333,252.5,21.166666666666668,36.483333333333334
710.5,28.25,0.29,3.3075,7.175,168.75,21.200000000000003,31.75
1800006.25,21.75,0.6075,1.01,6.6725,444.0,22.5,39.2
466677.6666666667,5.0,0.19166666666666665,1.8399999999999999,6.3,128.66666666666666,20.066666666666666,34.63333333333333
170.0,19.0,0.84,2.3,7.16,354.0,24.8,13.0
1800377.6666666667,26.0,0.3216666666666666,2.276666666666667,6.738206321190932,160.33333333333334,20.3,54.76666666666667
854.5,30.0,0.735,7.5,6.75,140.0,24.45,37.4
358.75,15.25,0.753,6.2124999999999995,6.7875000000000005,264.875,22.55,20.637500000000003
399.0,18.5,0.985,2.3,7.199999999999999,189.0,24.6,33.85
733399.0,20.666666666666668,0.7758333333333333,2.393333333333333,6.3999999999999995,348.5,21.916666666666668,23.833333333333332
2225753.449229885,29.666666666666668,0.548,1.6366666666666667,6.6000000000000005,374.6666666666667,22.0,46.153333333333336
1580090.2,20.8,0.85,2.626,6.2,365.0,21.619999999999997,72.58
1633446.6666666667,17.0,0.11566666666666665,1.7,6.699999999999999,340.0,22.3,30.666666666666668
2225753.449229885,30.75,0.8962499999999999,3.4825,6.324999999999999,323.25,22.05,58.2
11.5,24.25,1.03,5.300000000000001,6.625,143.25,21.575,32.77981265288946
1533383.6666666667,20.243003346757163,0.291,0.3866666666666667,6.966666666666666,360.6666666666667,20.666666666666668,62.23333333333333
1265000.0,8.0,0.237,3.6,6.4,286.5,23.0,21.5
1666723.3333333333,22.0,0.9766666666666667,0.7933333333333333,6.5,328.6666666666667,20.0,32.77981265288946
1150165.0,14.5,0.388,0.8999999999999999,6.449999999999999,374.5,24.0,48.5
120.0,19.385173857171754,1.4500000000000002,4.95,7.15,296.0,18.55,37.3
632502.0,34.75,1.1135,2.0,6.85,351.5,23.7,35.85
2733370.0,15.333333333333334,0.7743333333333333,1.4666666666666668,6.56,270.6666666666667,25.0,33.666666666666664
2.0,37.0,0.8060246746375308,0.9,7.09,380.0,22.5,28.71506291436398
528396.8888888889,19.333333333333332,0.6402222222222222,1.2022222222222223,6.661111111111111,279.44444444444446,21.288888888888888,37.52222222222222
790.0,20.243003346757163,1.21,1.6,6.95,204.0,24.95,48.0
230.0,19.0,0.42100000000000004,5.6,7.1,358.0,20.9,24.1
2225753.449229885,17.0,0.21266666666666664,0.26666666666666666,6.333333333333333,225.33333333333334,24.666666666666668,21.333333333333332
733444.0,23.666666666666668,0.23266666666666666,2.6,6.409999999999999,345.3333333333333,22.310000000000002,55.53333333333333
790.0,22.25574958771386,0.75,0.9,7.11,254.0,20.6,43.5
2225753.449229885,8.8,0.409,0.82,6.859999999999999,335.0,21.7,52.44
2810123.0,11.0,0.7055,1.5750000000000002,6.61,321.75,23.0975,53.65
1760000.0,8.5,0.14,0.45,6.3,289.0,20.5,32.77981265288946
6600.0,26.5,1.45,5.7,6.6850000000000005,237.0,20.85,33.65
1076156.857142857,22.857142857142858,0.6467142857142856,3.2471428571428578,6.682857142857143,325.7142857142857,22.52857142857143,29.34944816859275
1404.5,18.5,0.9550000000000001,5.47,6.845,248.0,23.05,19.65
2935185.0,18.75,0.727625,1.3875,6.91375,302.5,20.0,30.75625
675823.4,15.0,0.38720000000000004,1.9060000000000001,6.711999999999999,314.8,21.419999999999998,63.08
960979.25,27.083333333333332,1.16025,2.7383333333333333,6.662499999999999,247.66666666666666,22.066666666666666,40.19416666666667
2776666.6666666665,11.0,0.6496666666666666,0.1366666666666667,6.8999999999999995,273.3333333333333,22.03333333333333,39.056666666666665
2225753.449229885,21.0,0.6136666666666667,0.9666666666666668,6.633333333333333,337.6666666666667,23.03333333333333,54.0
2440000.0,7.333333333333333,0.29833333333333334,0.4000000000000001,6.3999999999999995,275.0,24.400000000000002,69.0
2225753.449229885,21.5,0.5115,0.55,6.4,241.5,18.0,29.0
651.0,8.5,1.295,2.355,6.7,108.0,21.6,20.04
333333.3333333333,8.0,1.0946666666666667,1.9666666666666668,6.533333333333334,270.3333333333333,20.8,33.403333333333336
1243333.3333333333,17.0,1.1603333333333334,1.0,6.533333333333334,206.0,23.366666666666664,54.0
42.0,16.0,1.4675,6.05,6.96,253.0,22.634999999999998,25.75
86.0,31.0,0.41000000000000003,4.55,6.895,198.0,24.85,33.775
1580305.0,12.4,1.283,4.122,6.825999999999999,220.2,20.312,27.112000000000002
711.5,29.0,0.41500000000000004,3.9099999999999997,6.705,182.0,21.65,17.05
243702.14285714287,19.428571428571427,0.8714285714285716,5.055714285714286,6.7385714285714275,192.71428571428572,22.857142857142858,33.932857142857145
1272502.125,22.875,0.9049999999999999,1.955,6.77125,300.375,22.075,55.6625
4900000.0,17.0,0.7,0.0,6.2,230.0,21.586677769972543,25.0
263452.0,19.666666666666668,0.4333333333333334,3.34,6.623333333333332,230.0,22.133333333333336,15.266666666666666
550395.0,9.5,0.645,2.7,7.1,391.0,17.65,75.7
2300000.0,6.0,0.7,0.0,6.7,200.0,23.0,50.0
2050333.25,10.75,0.65875,3.05,6.879999999999999,248.75,22.3925,21.1
1055996.0,13.0,1.002,1.4899999999999998,6.618,220.0,23.9,27.788000000000004
1561624.0,31.8,0.7260000000000001,0.884,6.87,245.2,22.48,25.2
79000.0,19.0,0.31,0.1,7.1,466.0,20.6,43.3
2225753.449229885,12.0,0.23500000000000001,0.2,6.5,216.5,18.0,42.0
1968300.0,31.333333333333332,0.6166666666666667,0.9333333333333335,6.833333333333333,418.6666666666667,23.666666666666668,32.77981265288946
1634156.6666666667,17.333333333333332,1.0066666666666668,5.363333333333333,6.803333333333334,222.0,22.74,15.666666666666666
1674500.0,28.5,0.9149999999999999,0.15000000000000002,6.75,240.5,21.7,56.35
454000.0,20.0,0.43999999999999995,0.625,6.925,325.75,21.125,49.55
4001.0,2.0,0.45999999999999996,5.54,6.63,168.0,21.1,39.525
566.5,9.0,1.5499999999999998,4.725,6.8100000000000005,250.0,22.05,15.415
915.0,3.5,0.53,5.970000000000001,6.555,276.0,24.15,7.74
3071000.0,12.0,0.8133333333333334,1.3999999999999997,6.866666666666667,288.0,22.166666666666668,37.1
860220.8,14.0,0.48600000000000004,1.812,6.882,231.2,19.64,26.736
875.0,3.0,1.48,5.890000000000001,6.725,250.0,19.6,31.89
1790000.0,48.333333333333336,0.25933333333333336,0.3666666666666667,6.833333333333333,308.3333333333333,18.466666666666665,19.433333333333334
853.5,2.5,0.08549999999999999,4.62,6.0,100.0,18.91,10.25
1525000.0,12.5,0.6586666666666666,0.20000000000000004,6.8,319.8333333333333,21.583333333333332,32.68333333333334
1768333.3333333333,7.666666666666667,0.7200000000000001,0.13333333333333333,6.966666666666666,334.6666666666667,20.666666666666668,32.77981265288946
4503.25,2.25,0.0485,2.82,6.074999999999999,80.5,19.75,7.39
2671250.0,18.333333333333332,0.6858333333333334,0.22833333333333336,6.8,341.5,22.7,39.233333333333334
404.5,2.0,0.0375,2.85,6.550000000000001,95.0,20.2,9.125
900.0,2.5,0.0125,3.3449999999999998,6.5,75.5,22.15,3.455
2225753.449229885,16.666666666666668,0.8333333333333334,0.19999999999999998,6.6000000000000005,295.6666666666667,20.2,34.5
1226666.6666666667,17.0,0.7266666666666666,0.7333333333333334,6.666666666666667,275.0,23.733333333333334,40.733333333333334
400005.6666666667,20.666666666666668,0.6566666666666666,1.7333333333333334,6.866666666666667,289.6666666666667,25.0,29.34944816859275
1400.0,3.0,0.0325,3.3,6.35,131.0,19.75,9.379999999999999
4602011.4,11.4,0.31500000000000006,2.0740000000000003,6.5600000000000005,207.4,23.520000000000003,29.76
1323.75,2.5,0.05225,5.38,6.575,96.0,19.7,11.829999999999998
1151.0,3.0,0.1145,4.475,6.4,94.5,19.85,16.355
132260.4,23.2,0.5154,3.4840000000000004,6.7,166.6,21.18,25.32
633333.3333333334,23.666666666666668,0.5599999999999999,1.5333333333333332,6.733333333333333,281.3333333333333,20.5,24.3
375.0,3.5,0.016,4.755,6.05,69.5,21.3,39.9
367710.0,12.666666666666666,1.1633333333333333,1.366666666666667,7.0,177.66666666666666,19.7,36.833333333333336
800.0,3.0,0.06,2.49,6.550000000000001,81.5,19.5,3.01
1056666.6666666667,30.333333333333332,0.8083333333333332,1.5999999999999999,6.8,234.0,21.933333333333334,21.5
1172333.3333333333,26.666666666666668,0.5950000000000001,0.5666666666666668,6.8,301.0,21.599999999999998,58.06666666666666
1037666.6666666666,37.333333333333336,0.9966666666666667,0.3,6.8,277.6666666666667,21.866666666666664,30.0
254.0,2.0,0.056,4.2,6.25,84.0,21.45,2.56
1525.0,10.0,0.048,4.4,6.3,74.0,20.1,37.9
4002.0,2.5,0.10300000000000001,4.0,6.721295835051191,99.5,17.55,14.4
165.0,2.5,0.060000000000000005,3.25,6.25,69.5,24.55,21.79
915.0,3.0,0.026000000000000002,3.9,6.721295835051191,91.5,22.8,28.8
4703666.666666667,33.333333333333336,0.57,1.5333333333333332,6.766666666666667,297.6666666666667,22.7,68.16666666666667
1513333.3333333333,18.333333333333332,1.4233333333333336,1.7333333333333332,6.866666666666666,324.6666666666667,22.53333333333333,69.96666666666667
514333.3333333333,16.333333333333332,0.5383333333333332,1.0333333333333334,7.066666666666666,404.0,22.96666666666667,32.77981265288946
267433.3333333333,12.333333333333334,1.1700000000000002,0.9666666666666668,6.733333333333333,293.6666666666667,22.566666666666666,55.0
1116666.6666666667,33.0,0.8716666666666667,1.5,6.6000000000000005,274.0,23.066666666666666,45.666666666666664
2225753.449229885,13.0,0.6788000000000001,2.5799999999999996,6.5200000000000005,218.2,18.419999999999998,28.380000000000003
1508.5,2.0,0.0235,5.8,6.4,99.5,19.8,6.0600000000000005
1443333.3333333333,34.0,0.4483333333333333,0.17,6.7,295.6666666666667,20.966666666666665,30.46666666666667
1750000.0,21.333333333333332,2.016666666666667,0.06666666666666667,6.833333333333333,370.3333333333333,18.866666666666667,32.77981265288946
800000.0,5.0,0.125,0.0,6.0,149.0,20.0,6.4
1803669.5,27.0,1.7733333333333332,0.6833333333333332,6.683333333333334,306.8333333333333,20.849999999999998,37.9
2515000.0,25.0,0.7050000000000001,0.08,6.8,367.0,19.45,59.2
4341000.0,24.666666666666668,1.375,0.5233333333333333,6.8,296.0,19.900000000000002,19.766666666666666
1161.5,3.0,0.059000000000000004,6.699999999999999,6.738206321190932,88.5,20.95,9.555
2515.0,3.5,0.035,6.4,6.721295835051191,72.0,20.6,6.295
1513.5,3.0,0.0895,6.35,6.721295835051191,75.5,20.15,5.01
1525.0,2.0,0.0345,5.6,6.15,69.0,19.3,12.33
1157.0,5.0,0.045,4.1,6.5,78.5,19.15,6.25
1343333.3333333333,25.0,1.1583333333333334,0.6333333333333333,6.766666666666667,352.3333333333333,20.666666666666668,31.53333333333333
2156666.6666666665,20.0,0.8683333333333333,0.06,6.8999999999999995,340.6666666666667,21.65114,75.93333333333334
150.0,2.0,0.1775,3.6,6.6,77.5,21.35,4.885
2210000.0,39.333333333333336,0.6150000000000001,0.043333333333333335,6.833333333333333,258.0,25.166666666666668,32.77981265288946
1104333.3333333333,22.333333333333332,1.79,0.04666666666666667,6.8999999999999995,288.6666666666667,22.53333333333333,46.26666666666667
1515.0,2.0,0.036000000000000004,5.25,6.25,84.0,23.05,7.1
2225753.449229885,33.666666666666664,1.2083333333333333,0.13333333333333333,6.833333333333333,254.0,20.900000000000002,35.43333333333333
1157.0,2.5,0.27449999999999997,3.75,6.1,109.5,22.05,4.145
713.0,2.0,0.036000000000000004,3.6500000000000004,6.2,72.5,20.35,10.65
3390000.0,40.0,2.0933333333333333,0.3666666666666667,6.566666666666666,245.66666666666666,21.633333333333336,23.900000000000002
1152.0,2.0,0.0185,6.699999999999999,6.6,66.0,19.05,10.385
415.0,2.5,0.034,6.0,6.1,67.5,20.5,13.85
2510000.0,23.666666666666668,1.9433333333333334,0.05666666666666667,7.066666666666667,262.3333333333333,21.096666666666668,37.300000000000004
1960000.0,47.666666666666664,1.2266666666666668,0.43333333333333335,6.73,364.3333333333333,20.026666666666667,46.666666666666664
554.0,2.0,0.045,5.1,6.76,63.5,22.595,12.58
3516666.6666666665,21.833333333333332,1.7783333333333333,0.30833333333333335,6.796666666666667,319.1666666666667,22.31833333333333,49.083333333333336
3107666.6666666665,22.666666666666668,1.1133333333333333,0.15666666666666668,6.766666666666667,334.6666666666667,21.12,31.0
857.0,2.5,0.006,7.1,6.5,65.5,21.25,2.125
81.0,2.5,0.042499999999999996,2.55,6.465,75.0,20.744999999999997,19.5
946028.8,36.2,0.641,1.666,6.5760000000000005,251.6,20.740000000000002,29.406
1161.5,2.5,0.037500000000000006,6.449999999999999,6.5649999999999995,366.0,21.195,3.0149999999999997
253.5,2.0,0.075,5.6,6.43,73.0,20.755000000000003,13.555
2300000.0,22.0,0.45399999999999996,0.0,6.2,241.0,20.0,33.0
2225753.449229885,16.0,0.9903333333333334,0.7333333333333334,6.56,314.3333333333333,22.97,55.333333333333336
1863716.6666666667,38.166666666666664,1.5266666666666666,0.8016666666666666,6.825,406.0,20.488333333333333,37.550000000000004
254.5,2.0,0.03,5.05,6.79,74.0,24.0,3.6550000000000002
2225753.449229885,21.0,1.1656,0.06599999999999999,6.766000000000001,214.94,21.34,28.6
230000.0,22.25574958771386,0.79,2.6,6.81,278.6302498110355,21.3,22.1
88.5,2.0,0.0325,5.5,6.36,89.5,22.064999999999998,5.9
3516.5,2.5,0.042499999999999996,4.15,6.43,70.5,23.84,5.205
86.0,2.0,0.0175,7.05,6.73,68.5,19.05,4.725
200070.5,14.25,0.96,3.15,6.9875,182.75,22.742500000000003,44.04
854.5,4.5,0.0375,7.35,6.49,69.0,20.75,4.1850000000000005
2133333.3333333335,18.666666666666668,0.7966666666666667,0.13333333333333333,7.04,230.33333333333334,22.929999999999996,16.833333333333332
1850000.0,22.25574958771386,0.8583333333333334,0.39999999999999997,7.039999999999999,404.3333333333333,20.2,12.9
143500.0,2.5,0.025,7.550000000000001,6.665,63.5,23.05,6.2250000000000005
861164.4,19.4,0.354,2.0540000000000003,6.553999999999999,204.4,23.52,28.119999999999997
2225753.449229885,23.8,0.5,1.56,6.742,251.8,21.52,29.8
3390000.0,37.666666666666664,0.6166666666666667,0.17,6.6066666666666665,257.0,21.0,16.666666666666668
150.0,2.0,0.030000000000000002,3.9499999999999997,6.32,65.5,20.95,10.75
1560040.0,31.0,0.33199999999999996,2.676,6.68,234.4,20.119999999999997,32.18
215.0,2.0,0.045,6.699999999999999,6.485,72.0,21.6,6.449999999999999
3766666.6666666665,18.666666666666668,0.84,0.09333333333333334,7.006666666666667,311.0,22.71666666666667,30.333333333333332
2133333.3333333335,27.666666666666668,0.9316666666666666,0.16666666666666666,6.786666666666666,278.6302498110355,22.236666666666668,70.66666666666667
2456666.6666666665,24.666666666666668,0.59,0.19999999999999998,7.003333333333334,358.6666666666667,21.276666666666667,32.77981265288946
2225753.449229885,37.333333333333336,1.0166666666666668,0.13999999999999999,6.846666666666667,408.3333333333333,20.186666666666667,23.333333333333332
665.0,1.55,0.09,2.6,6.721295835051191,70.0,22.384999999999998,17.7
371.0,2.3333333333333335,0.036666666666666674,5.533333333333332,6.046666666666667,77.66666666666667,20.099999999999998,4.883333333333334
2.0,1.0,0.11,3.2,6.2,32.0,21.586677769972543,1.8
86.0,2.0,0.0325,6.25,6.215,63.5,17.85,3.66
915.0,3.5,0.1,4.4,6.03,92.0,22.310000000000002,26.35
2225753.449229885,30.0,1.0199999999999998,0.20333333333333334,6.849999999999999,403.6666666666667,18.599999999999998,14.666666666666666
1157.0,2.0,0.1275,3.8499999999999996,6.029999999999999,68.5,22.95,3.35
2566666.6666666665,39.666666666666664,1.58,0.18000000000000002,6.733333333333334,393.0,21.0,33.333333333333336
4100000.0,24.0,0.4366666666666667,1.6900000000000002,7.19,375.0,22.2,23.233333333333334
3000000.0,22.0,1.28,0.0,6.4,386.0,21.65114,43.0
135.0,2.0,0.095,3.15,6.375,70.0,21.2,8.5
960.0,2.0,0.09999999999999999,4.85,6.02,60.5,21.005000000000003,3.6500000000000004
254.5,3.5,0.065,2.5,6.28,64.0,20.85,9.0
2225753.449229885,39.0,1.91,0.35000000000000003,6.836666666666667,372.6666666666667,19.69666666666667,55.166666666666664
500000.0,24.0,0.91,0.38,7.18,534.0,21.537794017425632,13.0
2225753.449229885,20.243003346757163,1.1266666666666667,1.7666666666666666,6.580000000000001,326.0,22.72,55.0
2225753.449229885,25.333333333333332,0.6333333333333333,0.33,6.68,514.6666666666666,20.599999999999998,32.77981265288946
1101.0,2.0,0.07750000000000001,2.9,6.140000000000001,64.5,21.55,11.25
956666.6666666666,15.666666666666666,1.0633333333333335,0.20333333333333334,6.849999999999999,342.6666666666667,22.666666666666668,45.666666666666664
158.5,2.0,0.0375,3.8,6.26,58.0,19.560000000000002,6.6
4015.0,3.5,0.042499999999999996,4.6,6.71,71.5,21.6,3.05
2225753.449229885,50.666666666666664,0.9899999999999999,0.6466666666666666,7.023333333333333,329.3333333333333,20.30666666666667,41.666666666666664
1152.0,2.0,0.08249999999999999,4.6,6.285,90.0,21.05,2.75
2233333.3333333335,31.0,0.8733333333333334,0.32666666666666666,7.003333333333334,330.6666666666667,21.900000000000002,23.0
105.0,2.0,0.04,3.15,6.140000000000001,73.5,22.8,20.2
4341000.0,51.666666666666664,1.55,0.20333333333333334,6.833333333333333,352.3333333333333,23.900000000000002,31.7
417.0,2.0,0.0725,3.4000000000000004,6.155,64.0,23.2,4.285
1166666.6666666667,45.0,1.5566666666666666,0.9366666666666666,7.216666666666666,578.6666666666666,20.8,32.77981265288946
2460005.6,17.2,0.44400000000000006,2.0460000000000003,6.664,308.2,21.18,50.6
66.0,2.0,0.035,7.25,6.35,94.0,21.586677769972543,4.0
4100000.0,51.666666666666664,0.7158056207890721,0.6333333333333333,6.753333333333333,369.3333333333333,20.8,42.666666666666664
251.0,2.0,0.035,7.65,6.53,73.0,18.7,3.5
3033333.3333333335,21.333333333333332,0.6583333333333333,1.2500000000000002,6.84,402.6666666666667,23.633333333333336,65.0
2300.0,3.0,0.1325,7.3,6.515000000000001,62.5,20.0,5.5
2225753.449229885,19.666666666666668,0.51,0.21,7.053333333333334,306.3333333333333,21.96666666666667,61.0
2225753.449229885,24.8,0.9381333333333334,1.9713333333333332,6.658666666666665,224.0,20.58,32.64666666666667
2532436.6,19.8,0.675,2.1755,6.625,240.75,20.85,27.24
170000.0,12.0,1.75,0.75,7.08,554.0,20.0,7.1
1100000.0,29.0,1.56,0.55,7.0,292.0,25.0,29.34944816859275
300000.0,41.0,0.8060246746375308,0.23,6.9,432.0,21.586677769972543,28.71506291436398
2225753.449229885,13.0,0.8060246746375308,0.94,6.9,350.0,18.0,5.2
1100000.0,41.0,1.84,0.25,7.0,558.0,24.0,18.0
800000.0,19.65903787236912,1.01,0.81,7.1,470.0,18.0,34.2
1300000.0,22.25574958771386,0.46,0.21,7.1,391.0,19.0,40.0
1700000.0,9.0,0.8060246746375308,1.63,7.0,428.0,22.0,5.3
2300000.0,23.0,1.61,2.24,7.3,420.0,25.0,32.77981265288946
700000.0,42.0,0.51,0.39,6.7,510.0,21.537794017425632,7.5
4150.0,2.5,0.0455,6.0,6.35,53.5,20.0,2.75
2225753.449229885,30.5,0.7272419875447049,0.3,7.050000000000001,295.0,24.5,36.095
3600000.0,27.0,1.4133333333333333,1.4833333333333334,6.900000000000001,348.0,23.0,35.36666666666667
2300000.0,30.0,1.0,2.24,7.1,424.0,20.0,8.0
2225753.449229885,43.666666666666664,0.8300000000000001,0.36999999999999994,6.8999999999999995,344.3333333333333,23.666666666666668,40.666666666666664
1360251.8,25.0,0.6900000000000001,2.18,6.68,206.2,20.4,29.34944816859275
1300000.0,17.0,1.12,2.2,6.96,264.0,20.89,54.5
35085.0,6.0,0.0385,5.3,6.300000000000001,45.5,21.0,14.0
2500000.0,39.333333333333336,1.7766666666666666,0.3333333333333333,7.033333333333334,315.3333333333333,21.666666666666668,68.66666666666667
2225753.449229885,12.6,0.3316,2.284,6.8,275.8,22.0,9.72
2746666.6666666665,40.0,0.79,0.3333333333333333,6.966666666666666,405.3333333333333,22.666666666666668,30.366666666666664
1565.0,1.5,0.038000000000000006,5.15,6.75,37.5,20.0,4.95
358.5,1.5,0.0755,6.1,6.65,46.5,18.5,7.75
466780.0,9.333333333333334,0.14466666666666667,2.736666666666667,6.446666666666666,125.33333333333333,21.393333333333334,12.066666666666668
12350.0,2.5,0.059000000000000004,7.1,6.300000000000001,61.0,20.0,4.25
170000.0,23.0,1.24,1.01,7.12,372.0,18.59,19.9
2225753.449229885,39.333333333333336,0.545,0.31,6.8999999999999995,523.6666666666666,21.666666666666668,14.233333333333334
2400000.0,30.0,0.92,0.4,6.7,373.0,18.0,11.0
5000000.0,22.25574958771386,1.03,0.53,6.48,436.0,20.3,12.2
1000439.0,4.333333333333333,1.3766666666666667,4.55,6.093333333333333,125.0,21.53333333333333,21.8
1500000.0,21.0,1.58,0.165,6.9,406.5,21.0,10.84
2225753.449229885,36.5,1.045,0.71,6.93,210.0,19.835,6.625
2503.5,2.5,0.082,4.45,6.5,67.0,23.0,5.8
5000000.0,11.0,0.8060246746375308,0.21,6.9,240.0,25.0,0.37
3350000.0,29.5,0.855,0.21000000000000002,6.9,471.0,19.5,20.4
4007.0,2.0,0.101,4.7,6.5,53.0,22.0,3.95
279333.3333333333,12.333333333333334,0.32,3.59,6.656666666666667,143.66666666666666,23.8,10.866666666666667
406500.0,54.0,0.8060246746375308,0.295,7.25,396.5,21.5,34.65
5000000.0,19.0,0.8060246746375308,0.68,6.8,380.0,25.0,29.0
2150000.0,43.0,2.0949999999999998,0.31,7.05,337.5,23.0,24.65
3050000.0,19.385173857171754,0.7272419875447049,0.345,7.05,385.5,22.5,29.8
2300000.0,8.0,0.97,0.21,6.9,349.0,21.0,7.0
44300.0,13.333333333333334,0.43333333333333335,3.3733333333333335,6.696666666666666,108.66666666666667,20.676666666666666,8.299999999999999
2000000.0,51.5,1.315,0.66,7.05,276.5,23.15,13.92
5000000.0,19.844524013551677,2.0,0.62,7.1,245.0,21.0,4.1
1000769.6666666666,7.333333333333333,0.14,2.36,6.463333333333334,206.33333333333334,22.433333333333334,17.1
1700000.0,37.0,0.42,1.51,7.3,260.0,24.0,19.0
466679.3333333333,5.666666666666667,0.16333333333333333,1.97,6.91,209.33333333333334,21.606666666666666,32.1
800000.0,49.0,0.8060246746375308,0.2,7.0,509.0,17.8,24.215
2650000.0,50.0,2.0549999999999997,0.15000000000000002,7.1,409.0,18.5,50.21
766934.0,3.0,0.21333333333333335,2.476666666666667,6.6499999999999995,224.33333333333334,21.400000000000002,16.7
1585000.0,47.5,0.7272419875447049,0.325,7.05,274.0,22.3,64.0
86.0,3.0,0.085,5.35,6.0,35.0,24.5,5.7
4632500.0,22.0,1.355,0.6900000000000001,6.9174999999999995,267.8715329419069,23.05,24.885
2225753.449229885,13.0,1.19,1.63,7.2,236.0,21.563681249570536,40.0
500000.0,10.0,0.42,0.67,6.8,423.0,19.0,31.0
1084450.0,20.333333333333332,0.7233333333333333,2.3583333333333334,6.691666666666666,287.5,21.883333333333336,30.183333333333334
500000.0,22.25574958771386,1.89,0.2,7.1,417.5,23.4,43.0
1750000.0,18.5,0.42200000000000004,0.6000000000000001,7.0,487.0,20.8,18.05
1225000.0,43.5,0.73875,0.6275,6.85,314.5,21.5,60.75
300143.3333333333,5.333333333333333,0.25333333333333335,3.9566666666666666,6.586666666666667,184.33333333333334,20.400000000000002,9.366666666666667
2225753.449229885,8.0,1.54,1.72,7.0,346.0,25.0,4.9
2225753.449229885,53.5,0.44000000000000006,1.37,6.949999999999999,336.0,25.5,23.5
2666693.3333333335,3.3333333333333335,0.13166666666666668,3.356666666666667,6.84,276.3333333333333,21.05666666666667,11.200000000000001
767671.0,2.0,0.19733333333333336,2.4833333333333334,6.64,164.0,22.166666666666668,52.46666666666667
2833333.3333333335,26.0,1.2566666666666668,0.7666666666666666,6.966666666666666,278.6302498110355,20.433333333333334,18.366666666666664
263.6666666666667,10.0,0.04766666666666667,3.4199999999999995,6.593333333333334,122.66666666666667,22.133333333333336,15.966666666666667
2225753.449229885,22.5,1.095,0.575,7.0,318.0,20.0,29.25
567669.0,5.333333333333333,0.545,4.3966666666666665,6.6499999999999995,113.66666666666667,21.599999999999998,16.666666666666668
2266666.6666666665,23.333333333333332,0.9933333333333335,0.6066666666666666,6.766666666666667,403.3333333333333,19.233333333333334,39.13333333333333
2225753.449229885,14.0,0.36,1.19,6.9,422.0,20.0,5.7
1432533.3333333333,32.166666666666664,0.7666666666666666,2.7699999999999996,6.621666666666667,210.33333333333334,23.066666666666666,14.516666666666666
135666.66666666666,9.666666666666666,0.11499999999999999,4.786666666666666,6.446666666666666,57.0,23.21666666666667,8.299999999999999
3900000.0,19.385173857171754,1.71,2.3,7.0,276.0,24.0,27.36
1960000.0,22.25574958771386,1.3900000000000001,0.45,6.55,279.0,24.5,62.25
3610000.0,29.666666666666668,0.4066666666666667,0.86,7.033333333333334,267.3333333333333,25.3,26.38
267680.0,9.0,0.21666666666666667,3.393333333333333,6.456666666666667,243.33333333333334,19.2,24.666666666666668
1800000.0,27.0,1.0,0.84,6.8,394.0,24.0,52.0
2225753.449229885,19.65903787236912,0.7975,0.61,6.975,223.75,23.85,47.525000000000006
766713.6666666666,3.3333333333333335,0.25733333333333336,2.7900000000000005,6.419999999999999,180.0,20.433333333333334,15.966666666666667
400000.0,54.0,1.05,0.75,7.5,368.0,22.0,30.0
1166666.6666666667,35.0,0.8766666666666668,2.123333333333333,6.766666666666667,432.0,19.400000000000002,67.83333333333333
500209.3333333333,3.0,0.14666666666666664,1.84,6.343333333333334,233.0,22.03333333333333,11.233333333333334
790000.0,30.0,0.35,0.45,7.1,278.6302498110355,18.0,36.0
866762.0,7.333333333333333,0.17833333333333334,3.733333333333334,6.336666666666667,199.33333333333334,21.933333333333334,9.233333333333334
1400000.0,20.666666666666668,1.0999999999999999,2.9299999999999997,7.033333333333334,502.0,17.633333333333336,21.886666666666667
860000.0,18.0,0.76,1.45,7.1,192.0,22.7,5.1
2275000.0,34.5,0.7875,0.645,6.925000000000001,415.5,20.175,21.1
367160.0,54.333333333333336,0.23166666666666666,5.8566666666666665,6.453333333333333,102.0,23.099999999999998,18.133333333333333
933466.6666666666,25.333333333333332,0.49750000000000005,3.5583333333333336,6.673333333333333,173.16666666666666,21.993333333333336,17.883333333333333
150000.0,17.0,1.12,1.57,7.0,210.0,23.0,14.5
190000.0,26.666666666666668,1.0,0.51,6.566666666666666,278.6302498110355,21.933333333333334,18.333333333333332
87818.33333333333,13.166666666666666,0.46666666666666673,2.52,6.591666666666668,285.3333333333333,22.608333333333334,22.366666666666664
76865.66666666667,7.333333333333333,0.2333333333333333,3.866666666666667,6.373333333333334,115.33333333333333,22.2,9.433333333333332
880000.0,29.666666666666668,0.8060246746375308,0.9,7.033333333333334,376.0,23.166666666666668,30.46666666666667
22028.25,8.25,0.42374999999999996,2.0875,6.49,243.25,23.39,5.375
41233.333333333336,40.0,1.3066666666666666,0.5066666666666667,7.066666666666666,274.3333333333333,19.400000000000002,37.04
2900000.0,35.0,0.69,0.5,6.9,546.0,18.0,20.0
36524.25,9.5,0.20375,3.4499999999999997,6.447500000000001,187.25,20.6025,11.7325
70018.0,2.6666666666666665,0.20166666666666666,1.6300000000000001,6.19,178.0,22.426666666666666,9.700000000000001
152500.0,43.75,0.69,0.405,6.925000000000001,343.5,23.0,14.649999999999999
260000.0,32.0,0.8060246746375308,0.29,7.1,410.0,21.0,2.5
129316.66666666667,18.666666666666668,0.7483333333333334,2.1533333333333333,6.821666666666666,229.83333333333334,21.34166666666667,21.083333333333332
66769.33333333333,4.0,0.32666666666666666,4.9,6.516666666666667,81.33333333333333,23.996666666666666,7.6000000000000005
230000.0,20.243003346757163,1.22,0.1,7.2,287.0,20.4,20.4
460000.0,11.0,0.26,0.21,6.6,486.0,19.4,2.53
220000.0,19.751296689774417,1.665,0.2,7.0,278.6302498110355,18.95,36.05
7147.333333333333,3.6666666666666665,0.34,3.3000000000000003,6.783333333333334,206.0,20.973333333333333,11.066666666666668
126000.0,22.333333333333332,0.4073333333333333,0.17,6.733333333333334,480.6666666666667,22.866666666666664,22.733333333333334
450000.0,38.0,0.82,0.1,7.1,355.0,20.0,57.3
120000.0,48.0,2.15,1.8,7.1,278.0,23.5,32.77981265288946
106986.33333333333,2.6666666666666665,0.3383333333333333,3.4,6.43,238.0,21.96666666666667,10.666666666666666
296666.6666666667,34.333333333333336,0.6053333333333334,0.19000000000000003,7.0,574.0,20.8,38.28333333333333
76725.33333333333,5.0,0.20333333333333337,4.2,6.44,150.66666666666666,19.666666666666668,11.1
64526.75,7.75,0.41374999999999995,2.875,6.72,238.25,20.65,17.34
97333.33333333333,24.333333333333332,0.9066666666666666,0.19999999999999998,7.033333333333334,400.0,22.5,37.56666666666667
300000.0,11.0,0.66,0.1,6.9,554.0,18.9,33.1
180000.0,27.0,1.2325,0.20249999999999999,7.050000000000001,272.75,23.575000000000003,21.064999999999998
66756.0,6.333333333333333,0.26,3.5666666666666664,6.329999999999999,118.33333333333333,21.633333333333336,8.866666666666667
107666.66666666667,48.0,0.7766666666666667,0.7133333333333333,6.866666666666667,438.6666666666667,24.96666666666667,62.86333333333334
1540000.0,31.0,1.011,0.12666666666666668,6.866666666666667,421.0,22.566666666666666,22.2
766801.3333333334,5.333333333333333,0.32666666666666666,4.833333333333333,6.376666666666666,166.33333333333334,21.733333333333334,19.266666666666666
190000.0,25.0,2.08,0.1,6.7,482.0,21.3,7.41
270000.0,39.0,1.27,0.1,7.1,486.0,21.586677769972543,36.33
1171467.142857143,12.857142857142858,0.8678571428571428,1.2671428571428571,6.767142857142858,282.85714285714283,20.914285714285715,42.628571428571426
2166666.6666666665,31.0,1.3099999999999998,0.42,7.033333333333334,278.6302498110355,19.733333333333334,39.56666666666666
366699.3333333333,6.0,0.11333333333333333,3.566666666666667,6.5633333333333335,164.33333333333334,19.8,14.366666666666667
1400000.0,12.0,0.64,0.6,6.9,412.0,24.1,35.6
1400320.0,15.75,0.7075,3.125,6.8125,128.5,22.4,25.725
2050000.0,11.5,0.47,0.37,6.85,347.0,22.05,42.949999999999996
614000.0,43.6,1.5046,0.376,7.100000000000001,351.6,24.14,55.004
466832.0,5.333333333333333,0.20833333333333334,1.8999999999999997,6.483333333333333,123.0,22.866666666666664,16.833333333333332
1700000.0,22.25574958771386,0.52,0.1,7.1,576.0,21.640804886281742,18.9
1293333.3333333333,50.0,1.3733333333333333,0.5733333333333334,6.866666666666667,380.6666666666667,24.133333333333336,52.199999999999996
835000.0,28.25,0.8674999999999999,0.1525,6.975,486.0,23.900000000000002,27.112500000000004
585000.0,31.0,1.205,0.5,7.05,341.0,19.4,47.25
566725.3333333334,20.666666666666668,0.2783333333333333,5.333333333333333,6.3,128.66666666666666,21.733333333333334,15.100000000000001
1120077.4,9.2,0.337,1.488,6.7,212.8,22.939999999999998,19.96
83406.0,6.333333333333333,0.37833333333333335,2.766666666666667,6.656666666666666,127.66666666666667,20.7,8.733333333333333
390000.0,51.5,2.04,0.15,7.35,278.6302498110355,21.75,35.2
1013333.3333333334,29.666666666666668,0.9266666666666667,0.25666666666666665,7.033333333333334,356.6666666666667,19.233333333333334,47.06666666666666
260038.0,10.5,0.6487499999999999,4.0,6.6899999999999995,196.0,21.475,33.9
2100000.0,22.25574958771386,1.21,0.07,7.2,276.0,23.7,53.4
486041.6,32.4,0.85,1.1219999999999999,6.959999999999999,248.0,22.419999999999998,20.9
3400000.0,17.0,0.39649999999999996,0.74,6.85,321.0,20.6,29.34944816859275
190021.0,7.333333333333333,0.15166666666666664,2.5333333333333337,6.7,124.66666666666667,22.233333333333334,14.799999999999999
2225753.449229885,19.65903787236912,1.665,0.035,7.05,308.0,23.55,74.95
2200000.0,31.0,1.77,0.1,7.1,490.0,21.537794017425632,23.2
3300000.0,8.0,0.11800000000000001,2.72,7.1,266.0,23.5,8.86
2225753.449229885,22.5,1.6800000000000002,0.105,7.1,427.0,22.55,23.5
1533333.3333333333,26.666666666666668,1.2563333333333333,1.1366666666666667,6.933333333333334,384.6666666666667,21.866666666666664,19.473333333333333
4600000.0,22.25574958771386,1.6,0.07,7.3,406.0,22.2,2.62
838920.0,15.714285714285714,0.8682857142857143,1.7114285714285715,6.895714285714285,299.7142857142857,21.157142857142855,20.392857142857142
1650233.0,26.75,0.79125,3.2424999999999997,6.425000000000001,156.0,21.575,33.9
193439.0,10.0,0.36666666666666664,5.533333333333334,6.766666666666666,127.0,22.46666666666667,12.6
400166.6666666667,9.333333333333334,0.18000000000000002,1.866666666666667,6.473333333333334,172.66666666666666,21.536666666666665,28.03333333333333
426666.6666666667,19.666666666666668,1.1706666666666667,0.3833333333333333,7.099999999999999,452.0,18.46666666666667,23.84
1200000.0,15.0,0.304,1.0,6.9,346.0,24.1,46.8
480000.0,6.0,0.62,1.84,7.2,306.0,23.8,36.3
233363.0,2.6666666666666665,0.24,3.5666666666666664,6.6433333333333335,245.0,21.73,25.666666666666668
400000.0,45.0,1.8,0.1,7.0,574.0,20.2,36.4
373333.3333333333,33.666666666666664,1.5346666666666666,0.7966666666666665,7.133333333333333,300.3333333333333,19.599999999999998,17.8
833505.3333333334,7.0,0.3333333333333333,4.666666666666667,6.636666666666667,203.0,21.44666666666667,16.066666666666666
883333.3333333334,22.25574958771386,1.6369999999999998,0.26999999999999996,7.0,320.0,23.066666666666663,40.23333333333333
1500000.0,16.0,0.051,1.1,6.9,318.0,25.2,53.9
752545.5,9.75,0.98375,3.3,6.68,236.25,21.225,29.325
600089.3333333334,3.6666666666666665,0.07166666666666667,2.266666666666667,6.543333333333334,173.33333333333334,21.5,12.666666666666666
1310000.0,42.333333333333336,1.16,0.3866666666666667,6.8,382.6666666666667,22.566666666666666,50.833333333333336
610000.0,11.0,0.812,0.14,7.2,250.0,22.8,71.7
961937.6666666666,19.0,1.0275,0.9683333333333334,6.82,266.5,21.148333333333333,25.150000000000002
370047.0,10.0,0.6599999999999999,4.6000000000000005,6.4925,183.25,24.012500000000003,33.25
150082.66666666666,3.6666666666666665,0.26666666666666666,3.266666666666667,6.96,155.66666666666666,20.5,10.200000000000001
2500000.0,10.0,0.6459999999999999,0.76,6.7,186.0,24.7,46.5
1260000.0,21.666666666666668,1.1866666666666668,1.4533333333333334,6.766666666666666,388.0,20.8,42.0
180000.0,15.0,0.435,0.8,7.0,578.0,19.5,68.8
716738.6666666666,21.5,0.7396666666666666,2.265,6.875,223.16666666666666,20.733333333333334,16.55
490000.0,44.333333333333336,1.1993333333333334,0.45,7.033333333333334,285.3333333333333,25.366666666666664,46.4
1800000.0,38.75,1.38,0.13,7.025,281.0,23.25,32.77981265288946
2566666.6666666665,32.666666666666664,1.4333333333333333,0.27666666666666667,7.1000000000000005,248.66666666666666,25.333333333333332,30.099999999999998
2400000.0,36.0,1.86,0.0,6.9,284.0,20.4,41.0
1420019.5714285714,18.142857142857142,0.7847142857142858,1.8428571428571432,6.878571428571428,259.57142857142856,22.444285714285716,31.48571428571429
985728.4285714285,23.571428571428573,0.7732857142857144,2.3628571428571425,6.765714285714287,228.14285714285714,21.05714285714286,33.97714285714286
203434.66666666666,6.0,0.159,4.8999999999999995,6.63,109.66666666666667,22.099999999999998,14.066666666666668
274100.0,22.714285714285715,0.8795714285714286,1.7414285714285713,6.700000000000001,296.14285714285717,21.2,32.91428571428572
1667920.0,2.3333333333333335,0.12233333333333334,3.966666666666667,6.853333333333334,84.0,20.933333333333334,15.799999999999999
305821.14285714284,26.285714285714285,0.8314285714285715,2.0542857142857143,6.791428571428573,258.2857142857143,22.00714285714286,26.085714285714285
838667.4285714285,23.571428571428573,1.147,2.1671428571428573,6.88,222.14285714285714,22.180000000000003,51.271428571428565
607210.0,17.142857142857142,1.0614285714285716,2.467142857142857,6.758571428571429,235.42857142857142,20.935714285714283,22.82857142857143
1205960.0,23.142857142857142,0.8575714285714285,3.5142857142857147,6.840000000000001,221.42857142857142,22.851428571428574,63.271428571428565
707542.75,17.75,0.923,2.08125,6.933750000000001,288.125,21.52875,53.42875
2450015.25,22.75,0.701875,1.9150000000000003,6.521249999999999,261.13,20.64,51.125
1450038.5,34.125,1.304375,2.8074999999999997,6.75875,222.875,20.615,46.0125
1090192.0,13.2,0.7246,2.976,6.804,221.4,22.48,40.04
1222597.5,21.875,0.873875,2.11875,6.848749999999999,276.5,21.625,37.475
501340.5,18.625,1.065,2.1100000000000003,6.93,304.875,23.10125,43.1
928771.375,16.375,0.8722499999999999,1.4025,6.956250000000001,346.25,21.518749999999997,30.849999999999998
492545.25,4.25,0.1525,2.0,6.8275,293.25,21.39,53.425
1120053.875,20.375,0.954,2.11125,7.005,305.625,21.26625,41.825
