data_coleta,ph,coliformes,dbo,fosforo,od,solido,temperatura,turbidez
1978-01-31,7.096882966688818,4.05258974747642,6.041666666666667,1.0711292452198415,3.2541666666666664,198.83333333333334,21.75,24.925
1978-02-28,7.1052687495577835,4.141509761299896,5.871527777777778,1.0711292452198415,3.3381944444444445,195.35763888888889,21.885416666666668,24.420833333333334
1978-03-31,7.1052687495577835,4.215281489577455,5.701388888888889,1.0711292452198415,3.422222222222222,191.88194444444446,22.020833333333332,23.916666666666668
1978-04-30,7.119156978767882,4.2783226642398455,5.53125,1.0711292452198415,3.5062499999999996,188.40625,22.15625,23.4125
1978-05-31,7.119156978767882,4.333362176238271,5.361111111111112,1.0711292452198415,3.5902777777777777,184.93055555555557,22.291666666666668,22.908333333333335
1978-06-30,7.119156978767882,4.382204403026286,5.190972222222222,1.0711292452198415,3.6743055555555557,181.45486111111111,22.427083333333332,22.40416666666667
1978-07-31,7.119156978767882,4.426104767282943,5.020833333333334,1.0711292452198415,3.7583333333333333,177.97916666666669,22.5625,21.9
1978-08-31,7.138697221101882,4.4659720563314504,4.850694444444445,1.0711292452198415,3.842361111111111,174.50347222222223,22.697916666666668,21.395833333333332
1978-09-30,7.138697221101882,4.5024853482636535,4.680555555555555,1.0711292452198415,3.926388888888889,171.02777777777777,22.833333333333332,20.891666666666666
1978-10-31,7.138697221101882,4.536165448190754,4.510416666666667,1.0711292452198415,4.010416666666667,167.55208333333334,22.96875,20.3875
1978-11-30,7.116736614779115,4.567420547139455,4.340277777777778,1.0711292452198415,4.094444444444445,164.07638888888889,23.104166666666668,19.883333333333333
1978-12-31,7.103917244565938,4.596576518070954,4.170138888888889,1.6655590277777748,4.178472222222222,160.60069444444446,23.239583333333332,19.379166666666666
1979-01-31,7.103917244565938,4.623897662805445,4.0,0.05637500000000001,4.2625,157.125,23.375,18.875
1979-02-28,7.138697221101882,3.7072507244602133,6.25,0.15325,3.725,186.75,25.25,49.0
1979-03-31,7.1052687495577835,4.676436556163573,3.8,0.087,3.06,130.0,20.2,9.4
1979-04-30,7.119156978767882,4.676436556163573,2.0,0.0435,3.55,151.5,25.0,22.0
1979-05-31,7.096882966688818,4.676436556163573,2.6,0.069,3.0200000000000005,144.2,22.4,18.6
1979-06-30,7.107294860572735,3.626963640717269,2.65,0.07300000000000001,3.1300000000000003,144.17499999999998,22.099999999999998,25.025000000000002
1979-07-31,7.088396275437606,3.9214445555007242,2.7,0.077,3.24,144.14999999999998,21.799999999999997,31.450000000000003
1979-08-31,7.088396275437606,4.095330655767949,2.75,0.081,3.35,144.125,21.5,37.875
1979-09-30,7.111752247051801,4.219162599904521,2.8,0.08499999999999999,3.46,144.1,21.2,44.3
1979-10-31,7.111752247051801,4.315407180985758,2.85,0.089,3.5700000000000003,144.075,20.9,50.725
1979-11-30,7.111752247051801,4.39414423863747,2.9,0.093,3.68,144.05,20.6,57.15
1979-12-31,7.111752247051801,4.460773472464354,2.95,0.097,3.79,144.025,20.3,63.575
1980-01-31,7.111752247051801,4.518527100117336,3.0,0.10099999999999999,3.9,144.0,20.0,70.0
1980-02-29,7.119156978767882,4.30413410364939,5.846153846153846,0.10492307692307692,4.3500000000000005,169.92307692307693,22.23076923076923,11.076923076923077
1980-03-31,7.119156978767882,3.4485002000711664,2.6666666666666665,0.11733333333333333,2.0333333333333337,175.0,25.333333333333332,27.0
1980-04-30,7.115856593925964,4.676436556163573,4.333333333333333,0.1443333333333333,3.4,328.3333333333333,24.333333333333332,78.33333333333333
1980-05-31,7.138697221101882,4.58619708947014,6.0,0.11449999999999999,4.3,162.16666666666666,24.166666666666668,3.8333333333333335
1980-06-30,7.111752247051801,4.518527100117336,6.0,0.253,3.7985261785238404,196.0,20.0,20.0
1980-07-31,7.111752247051801,3.5985169354268858,1.5,0.1755,2.0,163.0,23.0,33.5
1980-08-31,7.103917244565938,4.676436556163573,9.0,0.075,5.1,173.0,24.0,3.0
1980-09-30,7.1052687495577835,3.0773679052841563,7.5,0.075,4.96,173.2,25.1,8.4
1980-10-31,7.088396275437606,3.3136563466180315,6.0,0.075,4.82,173.4,26.2,13.8
1980-11-30,7.111752247051801,3.4658288153574364,4.5,0.075,4.68,173.6,27.3,19.200000000000003
1980-12-31,7.111752247051801,3.578295305120826,3.0,0.075,4.54,173.8,28.4,24.6
1981-01-31,7.111752247051801,3.6675463395115164,1.5,0.075,4.4,174.0,29.5,30.0
1981-02-28,7.103917244565938,5.2055746018811115,3.4,0.1234,5.220000000000001,172.6,21.6,8.620000000000001
1981-03-31,7.115856593925964,4.006947136561108,4.5,0.16125,3.6,188.75,19.75,9.9
1981-04-30,7.088396275437606,4.9439246401954815,4.2,0.0764,4.375,316.6,24.2,67.14
1981-05-31,7.088396275437606,3.826139617935915,4.0,0.232,3.8000000000000003,236.33333333333334,22.333333333333332,13.266666666666666
1981-06-30,7.096882966688818,4.54558418465844,3.6,0.0994,6.04,185.8,25.2,26.060000000000002
1981-07-31,7.1052687495577835,4.483451577840688,3.8000000000000003,0.107,5.914285714285715,183.94285714285715,25.0,23.76857142857143
1981-08-31,7.119156978767882,4.410921773365865,4.0,0.1146,5.788571428571428,182.0857142857143,24.8,21.47714285714286
1981-09-30,7.119156978767882,4.323801730851003,4.2,0.1222,5.662857142857143,180.22857142857143,24.6,19.185714285714287
1981-10-31,7.138697221101882,4.214704609379907,4.4,0.1298,5.537142857142857,178.3714285714286,24.4,16.894285714285715
1981-11-30,7.103917244565938,4.068661787012747,4.6,0.1374,5.411428571428572,176.51428571428573,24.2,14.602857142857143
1981-12-31,7.103917244565938,3.847011803458294,4.8,0.145,5.285714285714286,174.65714285714287,24.0,12.311428571428571
1982-01-31,7.115856593925964,3.370883016777606,5.0,0.15259999999999999,5.16,172.8,23.8,10.02
1982-02-28,7.111752247051801,5.027842751462677,5.6,0.086,4.0,251.6,25.0,68.0
1982-03-31,7.107294860572735,3.0705304036403067,4.666666666666667,0.21916666666666665,4.5,176.33333333333334,24.0,13.950000000000001
1982-04-30,7.10289313195537,4.782607744284499,4.285714285714286,0.11842857142857144,5.057142857142857,156.0,21.428571428571427,7.528571428571429
1982-05-31,7.096882966688818,3.0833831604753943,3.0,0.11533333333333333,4.8999999999999995,200.33333333333334,21.0,33.36666666666667
1982-06-30,7.1052687495577835,3.337484220026441,4.125,0.12775,4.1,172.625,22.75,9.424999999999999
1982-07-31,7.103917244565938,4.185062055090434,4.3125,0.187625,4.15,185.3125,21.125,24.4625
1982-08-31,7.11302509015973,4.454097535646714,4.5,0.2475,4.2,198.0,19.5,39.5
1982-09-30,7.13,4.78290956540264,7.5,0.315,4.4,200.4,20.0,36.7
1982-10-31,7.11,4.967880121892857,10.5,0.38249999999999995,4.6000000000000005,202.8,20.5,33.9
1982-11-30,7.09,5.097191344690706,13.5,0.44999999999999996,4.800000000000001,205.2,21.0,31.1
1982-12-31,7.111752247051801,5.196703873531367,16.5,0.5175,5.0,207.6,21.5,28.3
1983-01-31,7.111752247051801,5.277611506089506,19.5,0.585,5.2,210.0,22.0,25.5
1983-02-28,7.119156978767882,5.279707239111023,13.833333333333332,0.5658333333333334,5.075,232.08333333333331,21.75,61.583333333333336
1983-03-31,7.10289313195537,5.281792907504166,8.166666666666666,0.5466666666666667,4.95,254.16666666666666,21.5,33.82958228153492
1983-04-30,7.107294860572735,5.21219026877911,11.25,0.655,4.0,279.66718625672934,22.0,40.0
1983-05-31,7.138697221101882,5.025924089810885,18.333333333333332,0.4466666666666666,3.6999999999999993,250.33333333333334,22.333333333333332,49.5
1983-06-30,7.111752247051801,5.342424654883547,11.5,0.44,2.9499999999999997,230.5,23.0,38.0
1983-07-31,7.103917244565938,5.21219026877911,5.25,0.31375,3.905485982007066,238.0,20.5,76.25
1983-08-31,7.115856593925964,5.133595320411036,6.541666666666667,0.34979166666666667,3.8105521792350907,265.5,21.25,33.82958228153492
1983-09-30,7.115856593925964,5.037563272522014,7.833333333333334,0.3858333333333333,6.000000000000001,293.0,22.0,43.82274693981694
1983-10-31,7.111752247051801,4.914083878403559,9.125,0.421875,5.15,320.5,22.75,43.82274693981694
1983-11-30,7.108333333333333,4.740896674896758,10.416666666666668,0.45791666666666664,4.300000000000001,348.0,23.5,43.82274693981694
1983-12-31,7.11302509015973,4.448464119040326,11.708333333333334,0.49395833333333333,3.45,375.5,24.25,43.82274693981694
1984-01-31,7.121836412724187,3.041787318971752,13.0,0.53,2.6,403.0,25.0,43.82274693981694
1984-02-29,7.1000000000000005,4.469100045714246,7.166666666666667,0.7283333333333334,3.5799999999999996,277.1666666666667,21.5,35.333333333333336
1984-03-31,7.1052687495577835,4.697407447903296,8.0,0.424,3.9,216.33333333333334,24.0,21.5
1984-04-30,7.128571428571428,4.315091276372969,8.0,0.7741428571428572,5.114285714285714,218.42857142857142,21.857142857142858,17.571428571428573
1984-05-31,7.114095932890188,3.554812085555943,8.0,0.7216666666666667,3.433333333333333,242.66666666666666,25.0,22.0
1984-06-30,7.115856593925964,3.8028421127390746,6.0,0.51,3.55,187.0,19.0,17.0
1984-07-31,7.133333333333333,4.7512868041718495,8.666666666666666,0.5906666666666668,4.375,241.16666666666666,25.5,10.416666666666666
1984-08-31,7.124999999999999,4.667228743033707,5.75,0.33749999999999997,5.325,212.0,28.0,52.5
1984-09-30,7.1052687495577835,4.8523183230464255,8.5,0.575,3.4000000000000004,193.0,23.25,27.75
1984-10-31,7.1052687495577835,4.950704318533551,8.5,0.49249999999999994,4.183333333333334,204.58333333333331,23.458333333333336,41.04166666666667
1984-11-30,7.1052687495577835,5.03086677344787,8.5,0.41,4.966666666666667,216.16666666666666,23.666666666666668,54.333333333333336
1984-12-31,7.119156978767882,5.046820860589155,11.25,0.4575,4.283333333333333,242.33333333333331,23.083333333333336,31.44166666666667
1985-01-31,7.138697221101882,5.0622095721871325,14.0,0.505,3.5999999999999996,268.5,22.5,8.55
1985-02-28,7.115856593925964,4.604776674494869,14.5,0.43000000000000005,5.4,230.0,19.5,8.5
1985-03-31,7.099999999999999,5.015852737896873,12.166666666666666,0.965,3.4,253.5,21.5,19.166666666666668
1985-04-30,7.121836412724187,4.77815848856469,22.0,1.775,1.5,308.0,19.0,10.0
1985-05-31,7.103917244565938,5.141688021256308,10.25,0.5369999999999999,4.925,248.0,25.0,25.5
1985-06-30,7.088396275437606,4.807879891397919,7.75,0.42125,3.475,336.75,21.75,33.0
1985-07-31,7.1052687495577835,4.252877292563761,13.5,0.7987500000000001,3.6666666666666665,251.0,23.0,20.0
1985-08-31,7.119156978767882,4.310714548718119,6.0,0.372,5.0,395.0,25.5,43.82274693981694
1985-09-30,7.107294860572735,6.049745447625392,8.5,0.3926,4.53,375.9,25.1,43.82274693981694
1985-10-31,7.088396275437606,6.346797018883914,11.0,0.4132,4.06,356.8,24.7,43.82274693981694
1985-11-30,7.111752247051801,6.521553996156977,13.5,0.43379999999999996,3.59,337.7,24.3,43.82274693981694
1985-12-31,7.111752247051801,4.697407447903296,16.0,0.45439999999999997,3.12,318.6,23.9,43.82274693981694
1986-01-31,7.111752247051801,4.697407447903296,18.5,0.475,2.65,299.5,23.5,43.82274693981694
1986-02-28,7.088396275437606,6.441988519068142,13.75,0.294375,3.6875,235.375,21.0,54.8125
1986-03-31,7.11302509015973,3.941312625360662,9.0,0.11375,4.725,171.25,18.5,4.625
1986-04-30,7.124283694110661,3.897718704935313,2.6666666666666665,0.15333333333333335,5.633333333333333,161.33333333333334,25.333333333333332,13.333333333333334
1986-05-31,7.119156978767882,4.4362236242804505,6.833333333333333,0.1583333333333333,4.866666666666666,171.0,22.666666666666668,19.833333333333332
1986-06-30,7.103917244565938,4.442623464883266,8.083333333333334,0.21916666666666668,4.558333333333334,196.75,24.333333333333336,14.204166666666666
1986-07-31,7.111752247051801,4.448930364239807,9.333333333333334,0.28,4.25,222.5,26.0,8.575
1986-08-31,7.103917244565938,4.767584381210221,9.666666666666668,0.2625,3.575,207.75,21.75,13.2875
1986-09-30,7.119156978767882,4.949394886330778,10.0,0.245,2.9,193.0,17.5,18.0
1986-10-31,7.119156978767882,4.398564942881259,13.5,0.155,1.9,206.0,26.0,8.7
1986-11-30,7.096882966688818,4.606848732599296,11.75,0.4525,3.0,305.25,23.5,33.82958228153492
1986-12-31,7.10289313195537,4.747030953469424,10.0,0.75,4.1,404.5,21.0,43.82274693981694
1987-01-31,7.107294860572735,4.617010831199084,7.666666666666666,0.5425,4.3999999999999995,319.3333333333333,20.333333333333332,43.82274693981694
1987-02-28,7.096882966688818,4.430574884046865,5.333333333333333,0.33499999999999996,4.7,234.16666666666666,19.666666666666668,68.66666666666667
1987-03-31,7.119156978767882,4.09694475517694,3.0,0.1275,5.0,149.0,19.0,18.0
1987-04-30,7.129525675765432,5.356442095690219,8.0,0.17583333333333337,5.766666666666667,152.5,25.333333333333332,23.78333333333333
1987-05-31,7.119156978767882,5.113946693020772,9.5,0.73,3.85,207.0,19.5,12.5
1987-06-30,7.119156978767882,5.045978490212323,10.666666666666666,0.5991666666666666,3.7666666666666666,212.83333333333334,21.833333333333332,9.316666666666666
1987-07-31,7.138697221101882,4.965363217869661,11.833333333333334,0.4683333333333333,3.6833333333333336,218.66666666666666,24.166666666666668,6.133333333333333
1987-08-31,7.138697221101882,4.866293247812461,13.0,0.3375,3.6,224.5,26.5,2.9499999999999997
1987-09-30,7.103917244565938,4.668860957617935,12.666666666666668,0.40541666666666665,3.7666666666666666,211.08333333333331,24.083333333333336,9.308333333333334
1987-10-31,7.111752247051801,4.296687123772402,12.333333333333334,0.47333333333333333,3.9333333333333336,197.66666666666666,21.666666666666668,15.666666666666666
1987-11-30,7.1052687495577835,3.4625477288026643,9.5,0.22,5.75,215.0,25.5,46.5
1987-12-31,7.111752247051801,3.9614685553507862,10.0,0.42625,4.625,196.25,23.0,9.075
1988-01-31,7.119156978767882,3.8389120274059985,6.0,0.306875,5.0625,254.625,24.0,35.287499999999994
1988-02-29,7.088396275437606,3.6675463395115164,2.0,0.1875,5.5,313.0,25.0,61.5
1988-03-31,7.096882966688818,3.508664363052943,13.25,0.18625,5.425,300.75,23.75,71.5
1988-04-30,7.103917244565938,3.2555137128195333,24.5,0.185,5.35,288.5,22.5,81.5
1988-05-31,7.096882966688818,4.556073229283206,16.75,0.1895,6.055,236.95,20.45,55.45
1988-06-30,7.088396275437606,4.846095770372051,9.0,0.194,3.8105521792350907,185.4,18.4,29.4
1988-07-31,7.10289313195537,4.714044607998227,11.5,0.27366666666666667,5.613333333333333,210.36666666666667,20.2,31.2
1988-08-31,7.096882966688818,4.52336922097828,14.0,0.35333333333333333,4.466666666666666,235.33333333333334,22.0,33.0
1988-09-30,7.103917244565938,4.517341078522992,22.125,0.7310416666666668,3.258333333333333,253.16666666666669,22.25,24.3125
1988-10-31,7.11302509015973,4.511228084427306,30.25,1.1087500000000001,2.05,271.0,22.5,15.625
1988-11-30,7.119156978767882,4.502235879055773,9.5,0.7375,3.3666666666666667,241.0,19.75,32.875
1988-12-31,7.115856593925964,3.978705371746521,16.75,0.48000000000000004,3.4749999999999996,258.5,24.0,14.025
1989-01-31,7.116736614779115,4.391133671984642,12.791666666666668,0.38583333333333336,5.395833333333334,265.58333333333337,23.833333333333336,61.92916666666666
1989-02-28,7.119156978767882,4.5988014460329465,8.833333333333334,0.2916666666666667,3.781279862809869,272.6666666666667,23.666666666666668,43.82274693981694
1989-03-31,7.103917244565938,4.38338444699495,8.166666666666668,0.27083333333333337,5.133333333333334,245.08333333333334,22.333333333333336,60.71666666666666
1989-04-30,7.11302509015973,3.937066312017428,7.5,0.25,2.95,217.5,21.0,11.6
1989-05-31,7.103917244565938,3.848558572123763,10.25,0.27,4.525,189.75,22.5,19.875
1989-06-30,7.111752247051801,4.208199417133797,8.5,0.245,4.4,217.5,24.0,4.75
1989-07-31,7.088396275437606,4.2330215069876935,8.666666666666666,0.19166666666666665,4.466666666666667,222.5,22.833333333333332,9.666666666666668
1989-08-31,7.107294860572735,4.256501266211318,8.833333333333334,0.1383333333333333,4.533333333333333,227.5,21.666666666666668,14.583333333333334
1989-09-30,7.1052687495577835,4.278776457955645,9.0,0.08499999999999999,4.6,232.5,20.5,19.5
1989-10-31,7.103917244565938,4.417488300705328,7.0,0.1475,3.8,165.5,22.0,8.85
1989-11-30,7.115856593925964,4.818837083737909,8.916666666666668,0.15250000000000002,4.741666666666666,230.41666666666666,22.083333333333336,18.93333333333333
1989-12-31,7.116531578783728,5.023805095790546,10.833333333333334,0.15750000000000003,5.683333333333333,295.3333333333333,22.166666666666668,29.016666666666666
1990-01-31,7.115856593925964,5.180877096998856,10.722222222222223,0.31138888888888894,5.227777777777777,278.8333333333333,23.22222222222222,41.788888888888884
1990-02-28,7.103917244565938,5.29598445731541,10.61111111111111,0.4652777777777778,4.772222222222222,262.3333333333333,24.27777777777778,54.5611111111111
1990-03-31,7.138697221101882,5.386887011571905,10.5,0.6191666666666666,4.316666666666666,245.83333333333334,25.333333333333332,67.33333333333333
1990-04-30,7.111752247051801,4.423262262098614,14.0,0.925,2.45,342.5,19.5,31.5
1990-05-31,7.1,4.1461590556048185,16.0,0.43000000000000005,2.65,234.5,26.5,43.82274693981694
1990-06-30,7.125,4.841991053386625,19.25,1.1124999999999998,2.3,249.25,25.0,33.82958228153492
1990-07-31,7.11302509015973,5.096913487350014,22.5,1.795,1.9500000000000002,264.0,23.5,23.5
1990-08-31,7.088396275437606,3.6181527333785195,6.5,0.295,4.2,275.0,30.5,69.0
1990-09-30,7.138697221101882,4.676436556163573,11.0,0.1925,3.55,191.0,28.5,10.5
1990-10-31,7.115856593925964,5.162193873565205,15.75,0.38,3.65,324.0,20.25,24.75
1990-11-30,7.103917244565938,5.883662002858451,5.0,0.265,4.5,288.0,27.5,17.5
1990-12-31,7.103917244565938,4.417488300705328,6.0,0.18,4.1,174.5,25.5,19.2
1991-01-31,7.115856593925964,5.849112780896784,4.5,0.35,3.8,190.5,27.5,40.5
1991-02-28,7.115856593925964,5.558649780837052,6.166666666666666,0.4354166666666667,3.3249999999999997,234.25,25.333333333333336,43.108333333333334
1991-03-31,7.103917244565938,4.240574207018384,7.833333333333333,0.5208333333333334,2.8499999999999996,278.0,23.166666666666668,45.71666666666667
1991-04-30,7.119156978767882,5.1436423551949595,7.416666666666666,0.4479166666666667,3.5,235.0,22.583333333333336,32.108333333333334
1991-05-31,7.107294860572735,5.4166421712986255,7.0,0.375,4.15,192.0,22.0,18.5
1991-06-30,7.103917244565938,5.3145714991151385,10.333333333333334,0.6933333333333334,4.716666666666667,211.5,23.166666666666668,59.699999999999996
1991-07-31,7.119156978767882,5.74087643225319,4.0,0.2475,4.25,216.5,19.5,12.75
1991-08-31,7.096882966688818,5.518942758408744,10.75,0.94875,2.125,228.5,19.25,11.525
1991-09-30,7.107294860572735,5.041396633271932,17.5,1.65,3.851775958678874,240.5,19.0,10.3
1991-10-31,7.119156978767882,5.178548193483778,12.0,0.635,4.15,239.5,21.0,10.0
1991-11-30,7.103917244565938,5.505727748356031,7.25,0.48625,4.375,143.0,24.5,20.25
1991-12-31,7.1,5.690196966342879,2.5,0.3375,4.6,263.2139462679841,28.0,30.5
1992-01-31,7.115856593925964,5.399934911715625,3.5,0.255,2.5,238.5,30.0,24.0
1992-02-29,7.09375,5.649749480122417,9.5,0.3846875,2.0875000000000004,247.875,26.4375,24.778125
1992-03-31,7.116345600662232,5.807332716078075,15.5,0.514375,1.6750000000000003,257.25,22.875,25.55625
1992-04-30,7.115856593925964,5.597723699273644,12.0,0.2884375,2.6625,222.875,22.1875,21.778125
1992-05-31,7.119156978767882,5.177106320983511,8.5,0.0625,3.65,188.5,21.5,18.0
1992-06-30,7.11302509015973,4.431379848841936,11.0,1.295,1.0333333333333332,261.0,22.0,11.6
1992-07-31,7.13125,4.434684647249025,10.3125,1.2241666666666666,1.9375,264.625,22.8125,31.200000000000003
1992-08-31,7.1125,4.43796448733257,9.625,1.1533333333333333,2.841666666666667,268.25,23.625,50.800000000000004
1992-09-30,7.09375,4.441219743246528,8.9375,1.0825,3.7458333333333336,271.875,24.4375,70.4
1992-10-31,7.111752247051801,4.444450780793918,8.25,1.0116666666666667,4.65,275.5,25.25,33.82958228153492
1992-11-30,7.116345600662232,5.146905966491006,14.25,0.36625,4.3,279.66718625672934,25.5,21.4
1992-12-31,7.114095932890188,5.39539736931118,13.875,0.4779326923076923,4.2,279.66718625672934,24.98076923076923,25.842307692307692
1993-01-31,7.11302509015973,5.552461640827673,13.5,0.5896153846153847,4.1000000000000005,285.61538461538464,24.46153846153846,30.284615384615385
1993-02-28,7.103917244565938,4.755165691252543,17.0,0.9672000000000001,3.4200000000000004,247.8,18.6,21.44
1993-03-31,7.129525675765432,5.423247512780817,25.0,0.575,1.95,280.5,23.0,29.0
1993-04-30,7.116972049030359,5.033427776713536,11.0,0.30666666666666664,5.533333333333332,225.0,27.0,7.833333333333333
1993-05-31,7.111752247051801,5.530094207774739,17.166666666666668,0.7138,2.2,227.66666666666666,20.333333333333332,27.116666666666664
1993-06-30,7.107483810657587,3.8253287314052886,16.25,0.7890119920853629,3.375,261.0,26.375,7.324999999999999
1993-07-31,7.103917244565938,5.986779644024985,18.666666666666668,0.5206666666666667,4.383333333333334,228.16666666666666,21.25,27.166666666666668
1993-08-31,7.12036264065079,5.133701738272232,18.8,1.4878333333333333,3.4499999999999997,282.5,23.666666666666668,24.0
1993-09-30,7.1,4.8172413456756775,12.5,0.8640000000000001,5.75,233.5,19.0,21.0
1993-10-31,7.116736614779115,4.557368831207163,16.571428571428573,0.5776249999999999,4.3875,233.875,23.375,19.375
1993-11-30,7.115856593925964,4.75421259747522,13.452380952380953,0.5076875,4.38125,229.5625,24.0625,27.1875
1993-12-31,7.11302509015973,4.889167190483171,10.333333333333334,0.43775,4.375,225.25,24.75,35.0
1994-01-31,7.113192759555039,5.163514692043693,12.216666666666667,0.5434749999999999,4.3675,236.875,24.475,36.65
1994-02-28,7.114095932890188,5.330334619011103,14.1,0.6492,4.36,248.5,24.2,38.3
1994-03-31,7.12,5.055458607266277,11.6,0.6759999999999999,3.8200000000000003,227.6,23.8,55.6
1994-04-30,7.116345600662232,5.67349285236746,20.444444444444443,1.0711292452198415,4.055555555555555,275.6666666666667,19.88888888888889,16.17777777777778
1994-05-31,7.12036264065079,6.104103178293679,24.125,1.0711292452198415,1.875,293.25,21.875,20.65
1994-06-30,7.11302509015973,4.884376155280442,10.75,1.1207500000000001,4.3,272.0,19.25,11.1
1994-07-31,7.115856593925964,4.380681472737826,10.5,0.324,4.825,216.5,24.5,34.75
1994-08-31,7.111752247051801,5.535421983849963,14.0,2.0675,4.225,294.25,17.75,13.333333333333334
1994-09-30,7.111752247051801,5.811268664392458,15.633333333333333,0.7890119920853629,3.976666666666666,291.26666666666665,19.466666666666665,18.65222222222222
1994-10-31,7.124283694110661,5.978630175405812,17.266666666666666,1.0711292452198415,3.7283333333333326,288.28333333333336,21.183333333333334,23.97111111111111
1994-11-30,7.115856593925964,6.099137340103571,18.9,1.0711292452198415,3.479999999999999,285.3,22.9,29.29
1994-12-31,7.114095932890188,5.929930070418579,31.666666666666668,1.0711292452198415,1.9666666666666668,404.6666666666667,20.0,64.66666666666667
1995-01-31,7.11302509015973,5.958564360993412,16.0,1.315,3.15,289.0,26.0,40.0
1995-02-28,7.119156978767882,4.25529663190434,12.0,0.3575,5.85,119.0,24.5,72.5
1995-03-31,7.1052687495577835,5.814115022428832,10.25,0.29325,5.3999999999999995,234.25,23.5,62.0
1995-04-30,7.121836412724187,5.4275850961825,19.4,0.859,4.84,261.8,22.6,46.6
1995-05-31,7.1125,5.66313625825491,23.375,0.75675,3.9875,245.0,19.875,15.475
1995-06-30,7.121836412724187,6.4066765785733315,8.0,0.345,4.733333333333333,257.0,21.833333333333332,31.25
1995-07-31,7.133333333333334,5.931143894623664,13.666666666666666,0.61225,5.016666666666667,229.83333333333334,25.666666666666668,31.583333333333332
1995-08-31,7.1000000000000005,5.438317854437124,15.428571428571429,0.34528571428571425,4.514285714285714,249.71428571428572,21.285714285714285,51.31428571428571
1995-09-30,7.125570186525219,4.946997247448503,14.0,0.9725714285714284,5.042857142857143,254.28571428571428,21.857142857142858,24.285714285714285
1995-10-31,7.119999999999999,4.583210113102105,19.0,0.5342,4.22,268.6,23.8,21.0
1995-11-30,7.115856593925964,6.085647644860324,29.2,0.581,2.46,379.0,19.4,55.6
1995-12-31,7.119156978767882,5.208981201411852,32.0,0.895,1.85,294.25,19.0,21.125
1996-01-31,7.113192759555039,5.059945671098457,17.0,1.1087777777777776,3.6555555555555554,306.3333333333333,27.333333333333332,48.27777777777778
1996-02-29,7.115856593925964,5.424295106462396,15.5,0.32525000000000004,5.26,228.5,25.6,55.25
1996-03-31,7.116345600662232,5.85301399380821,15.875,0.99125,4.924999999999999,299.875,22.75,61.0
1996-04-30,7.116736614779115,5.57444584170118,16.0,0.6325714285714286,5.0857142857142845,238.0,24.714285714285715,33.142857142857146
1996-05-31,7.114095932890188,5.419957399796435,22.6,1.428,2.7600000000000002,327.2,20.6,22.6
1996-06-30,7.116345600662232,5.614836776025975,27.96666666666667,1.2998333333333334,2.9883333333333333,293.18333333333334,19.05,21.883333333333333
1996-07-31,7.116345600662232,5.748873309430258,33.333333333333336,1.1716666666666669,3.216666666666667,259.1666666666667,17.5,21.166666666666668
1996-08-31,7.10462400846459,6.357043629502185,21.75,0.8605,4.175,226.0,20.0,15.5
1996-09-30,7.121836412724187,5.721316705632627,31.75,0.9512499999999999,3.7499999999999996,235.875,22.625,21.875
1996-10-31,7.103917244565938,5.217002004845443,15.893860516420279,1.1556,4.220000000000001,264.8370828925603,21.2,74.0
1996-11-30,7.114095932890188,5.6161963974501194,18.88888888888889,0.6507777777777779,4.188888888888889,259.0,23.22222222222222,37.333333333333336
1996-12-31,7.116345600662232,6.378444458511645,17.53472222222222,0.8786497584541062,4.39923896499239,261.9657534246575,23.015220700152206,35.669406392694064
1997-01-31,7.121836412724187,4.697407447903296,16.180555555555557,1.1065217391304345,4.609589041095892,264.93150684931504,22.80821917808219,34.00547945205479
1997-02-28,7.121836412724187,6.412231925999642,17.09027777777778,0.9232608695652172,2.304794520547946,247.46575342465752,24.404109589041095,26.002739726027396
1997-03-31,7.121836412724187,5.903090529859707,18.0,0.74,3.851775958678874,230.0,26.0,18.0
1997-04-30,7.116345600662232,6.028029130751129,21.5,0.9175,3.851775958678874,251.25,23.583333333333332,18.916666666666668
1997-05-31,7.114095932890188,6.124939062329039,25.0,1.095,3.851775958678874,272.5,21.166666666666664,19.833333333333336
1997-06-30,7.11302509015973,6.204120254089891,28.5,1.2725,3.851775958678874,293.75,18.75,20.75
1997-07-31,7.133333333333333,6.271067004944234,32.0,1.45,3.851775958678874,315.0,16.333333333333332,21.666666666666668
1997-08-31,7.115856593925964,6.041393079971211,15.0,0.67,2.4,233.0,27.0,25.0
1997-09-30,7.138697221101882,6.176091548585239,19.0,0.75,4.1,241.0,20.5,20.0
1997-10-31,7.103917244565938,6.105510525392964,20.25,1.0075,2.05,282.5,22.5,17.25
1997-11-30,7.115856593925964,6.021189712683533,21.5,1.2650000000000001,3.851775958678874,324.0,24.5,14.5
1997-12-31,7.09375,5.860048242995,17.375,0.8501875000000001,2.1437500000000003,294.3125,25.1875,31.9375
1998-01-31,7.116345600662232,5.601007588878967,13.25,0.43537500000000007,4.2875000000000005,264.625,25.875,49.375
1998-02-28,7.114095932890188,5.593148943481935,12.375,0.6565000000000001,3.225,266.0,27.25,49.75
1998-03-31,7.121836412724187,4.732401802238908,22.0,0.52,4.2,268.0,27.0,34.333333333333336
1998-04-30,7.133333333333333,4.301051709845226,14.333333333333334,0.49333333333333335,3.8666666666666667,216.33333333333334,26.0,30.666666666666668
1998-05-31,7.125570186525219,5.271844445053248,14.11111111111111,1.095888888888889,4.2444444444444445,229.77777777777777,23.11111111111111,22.11111111111111
1998-06-30,7.116736614779115,5.28931603936063,15.875,1.925,2.9250000000000003,310.375,20.75,23.875
1998-07-31,7.129525675765432,5.593601333079323,16.5,1.4275,4.083333333333333,262.3333333333333,20.333333333333332,14.666666666666666
1998-08-31,7.116736614779115,5.7327391048889975,17.142857142857142,0.8749999999999999,3.1714285714285717,363.57142857142856,24.571428571428573,47.857142857142854
1998-09-30,7.124283694110661,6.340999220586158,25.3,1.4614285714285713,3.87,286.0,22.7,25.7
1998-10-31,7.1000000000000005,4.244555425509799,8.0,0.22975,3.3249999999999997,157.75,23.75,18.5
1998-11-30,7.129525675765432,4.292287091283057,10.6,0.6357999999999999,4.5,247.4,25.8,14.0
1998-12-31,7.115856593925964,4.697407447903296,18.0,0.92,4.7,248.0,23.0,4.0
1999-01-31,7.115856593925964,5.865306163834686,13.666666666666666,0.512,2.933333333333333,288.6666666666667,27.333333333333332,33.333333333333336
1999-02-28,7.111752247051801,5.598977712602587,16.083333333333332,0.4625,4.104166666666666,293.45833333333337,26.0,35.66666666666667
1999-03-31,7.116345600662232,4.785336954534081,18.5,0.41300000000000003,5.2749999999999995,298.25,24.666666666666668,38.0
1999-04-30,7.116345600662232,5.582916496132702,17.535714285714285,0.7507857142857143,4.723214285714286,288.55357142857144,22.547619047619047,32.14285714285714
1999-05-31,7.116345600662232,5.847881790033182,16.571428571428573,1.0885714285714285,4.171428571428572,278.85714285714283,20.428571428571427,26.285714285714285
1999-06-30,7.121836412724187,4.806186759782153,17.0,0.64,4.1000000000000005,385.3333333333333,25.666666666666668,33.82958228153492
1999-07-31,7.125570186525219,5.544871543080713,32.0,1.1024285714285715,2.6000000000000005,285.42857142857144,21.02857142857143,25.285714285714285
1999-08-31,7.12036264065079,5.698970872924114,21.0,0.74,6.5,246.0,26.0,1.0
1999-09-30,7.12036264065079,5.248359406814341,19.444444444444443,1.1673333333333333,4.011111111111111,295.1111111111111,22.555555555555557,22.77777777777778
1999-10-31,7.125570186525219,5.4971792265180754,20.333333333333332,1.0808888888888888,4.155555555555556,321.77777777777777,23.944444444444443,30.333333333333332
1999-11-30,7.114095932890188,5.654372513298145,21.22222222222222,0.9944444444444444,4.300000000000001,348.44444444444446,25.333333333333332,37.888888888888886
1999-12-31,7.093333333333334,5.605662979011946,19.61111111111111,0.7722222222222221,4.2,311.02222222222224,25.46666666666667,40.544444444444444
2000-01-31,7.115856593925964,5.550791958331826,18.0,0.55,4.1,273.6,25.6,43.2
2000-02-29,7.111752247051801,5.265132336567358,18.8,0.607,4.1,382.0,25.4,47.2
2000-03-31,7.116531578783728,4.1073999319324805,19.6,0.6639999999999999,4.1,279.66718625672934,25.2,51.2
2000-04-30,7.125570186525219,4.900825841547802,17.728571428571428,1.0834285714285714,4.178571428571429,402.5571428571428,22.814285714285713,38.885714285714286
2000-05-31,7.129525675765432,5.165429607062315,15.857142857142858,1.502857142857143,4.257142857142857,314.7142857142857,20.428571428571427,26.571428571428573
2000-06-30,7.129525675765432,5.675027953330673,17.261904761904763,1.5422619047619048,3.761904761904762,329.3571428571429,18.714285714285715,33.785714285714285
2000-07-31,7.12036264065079,5.903090529859707,18.666666666666668,1.5816666666666668,3.266666666666667,344.0,17.0,41.0
2000-08-31,7.12036264065079,5.70473757136065,19.72222222222222,1.293111111111111,3.627777777777778,306.66666666666663,19.38888888888889,26.72222222222222
2000-09-30,7.12036264065079,5.32912906022576,20.77777777777778,1.0045555555555556,3.988888888888889,269.3333333333333,21.77777777777778,12.444444444444445
2000-10-31,7.116736614779115,4.676436556163573,11.0,0.063,4.8,208.0,25.0,7.0
2000-11-30,7.12036264065079,5.116089943861715,14.285714285714286,0.546142857142857,4.871428571428572,241.0,25.857142857142858,17.428571428571427
2000-12-31,7.12036264065079,4.676436556163573,20.0,0.3055,3.2,207.0,23.0,17.0
2001-01-31,7.125570186525219,4.963792547912095,19.0,0.6589999999999999,3.5250000000000004,278.5,26.5,44.75
2001-02-28,7.121836412724187,5.698970872924114,26.0,2.12,3.7344229777279208,264.0,27.0,22.0
2001-03-31,7.125570186525219,5.31211773915159,14.0,0.5223333333333333,3.0833333333333335,226.33333333333334,25.5,34.166666666666664
2001-04-30,7.129166666666666,5.077692293546348,15.625,0.5809166666666666,3.279166666666667,249.91666666666669,22.875,21.708333333333332
2001-05-31,7.115856593925964,4.531565128712787,17.25,0.6395,3.475,273.5,20.25,9.25
2001-06-30,7.124283694110661,4.664835030746421,14.458333333333332,1.0830833333333332,3.520833333333333,310.25,19.625,10.958333333333332
2001-07-31,7.124283694110661,4.7666680936177,11.666666666666666,1.5266666666666666,3.5666666666666664,347.0,19.0,12.666666666666666
2001-08-31,7.12036264065079,5.185514296410947,18.083333333333332,1.3964583333333334,4.170833333333333,324.875,21.0,20.208333333333332
2001-09-30,7.10462400846459,5.394707278961395,24.5,1.26625,4.775,302.75,23.0,27.75
2001-10-31,7.12036264065079,4.676436556163573,2.0,0.10800000000000001,4.0,152.0,30.0,13.0
2001-11-30,7.116972049030359,5.075343061022704,30.0,1.4267142857142858,4.3,317.85714285714283,26.857142857142858,24.285714285714285
2001-12-31,7.116972049030359,4.932624736459108,25.0,1.1466428571428573,4.95,321.23809523809524,27.238095238095237,36.357142857142854
2002-01-31,7.116972049030359,4.718629392131035,20.0,0.8665714285714287,5.6,324.6190476190476,27.61904761904762,48.42857142857143
2002-02-28,7.116972049030359,4.278776457955645,15.0,0.5865,6.25,328.0,28.0,60.5
2002-03-31,7.121836412724187,5.385008931475027,14.0,1.0625,1.4500000000000002,236.5,23.75,9.375
2002-04-30,7.121836412724187,6.189303445462411,14.0,1.0785,1.85,275.0,24.375,6.4625
2002-05-31,7.121836412724187,6.4548453171603555,14.0,1.0945,2.25,313.5,25.0,3.55
2002-06-30,7.116736614779115,5.113946693020772,5.0,0.899,6.6,279.66718625672934,23.0,23.0
2002-07-31,7.1,5.707571027654909,15.893860516420279,1.0711292452198415,3.7344229777279208,279.66718625672934,19.0,33.0
2002-08-31,7.111752247051801,5.17609704961017,15.0,1.3050000000000002,3.781279862809869,299.0,29.0,18.35
2002-09-30,7.115856593925964,5.017287995040656,29.4,0.85,1.94,309.6,24.4,33.82958228153492
2002-10-31,7.12036264065079,3.93881982502621,13.833333333333334,0.5863333333333334,3.483333333333333,269.8333333333333,23.166666666666668,18.75
2002-11-30,7.115856593925964,4.999656771766286,28.75,0.955,1.2,331.0,27.75,33.82958228153492
2002-12-31,7.116972049030359,3.222282827095675,10.333333333333334,0.3136666666666667,5.0,182.0,28.0,27.099999999999998
2003-01-31,7.103917244565938,4.544297539358086,14.5,0.96,2.3,290.0,25.4,43.82274693981694
2003-02-28,7.125570186525219,4.676436556163573,12.0,1.3800000000000001,2.7,276.775,19.25,13.25
2003-03-31,7.116345600662232,4.274180949419634,18.25,1.615,1.8499999999999999,292.825,24.225,66.5
2003-04-30,7.116972049030359,4.903095415639038,15.893860516420279,1.41,3.8105521792350907,363.0,24.3,11.0
2003-05-31,7.121836412724187,4.479744417457771,20.25,1.1525,1.875,254.55,21.625,15.75
2003-06-30,7.116972049030359,4.658020941485892,18.0,1.895,3.45,373.0,22.3,22.0
2003-07-31,7.121836412724187,4.676436556163573,31.0,0.375,2.8,239.0,20.3,3.5
2003-08-31,7.111752247051801,4.690204943090767,22.0,1.88,3.747295266489915,279.66718625672934,19.0,13.0
2003-09-30,7.116736614779115,4.397992120883196,32.5,1.9040000000000001,5.800000000000001,352.0,25.8,24.65
2003-10-31,7.116736614779115,5.230451476044183,20.0,1.53,5.8,279.66718625672934,23.5,43.4
2003-11-30,7.129525675765432,3.233402277811895,22.4,0.35940000000000005,2.32,270.08000000000004,25.3,22.419999999999998
2003-12-31,7.111752247051801,4.690204943090767,14.0,0.583,3.824659009537087,279.66718625672934,27.0,42.0
2004-01-31,7.111752247051801,4.2741901891379905,18.8,1.0036,3.999999999999999,391.48,24.759999999999998,43.82274693981694
2004-02-29,7.12036264065079,4.064465476998264,20.9,0.7818,4.0249999999999995,352.115,25.28,33.82958228153492
2004-03-31,7.116736614779115,3.643353961976863,23.0,0.5599999999999999,4.05,312.75,25.8,28.9
2004-04-30,7.129525675765432,4.244215251084251,23.125,1.00875,2.925,309.125,23.637500000000003,22.8125
2004-05-31,7.125570186525219,4.48708178619026,23.25,1.4575,1.8000000000000003,305.5,21.475,16.725
2004-06-30,7.12036264065079,5.417473353982075,22.5,0.4045,6.4,264.8370828925603,21.5,61.0
2004-07-31,7.107294860572735,3.7019994748896368,24.666666666666668,1.3156666666666668,2.533333333333333,289.93333333333334,18.5,33.82958228153492
2004-08-31,7.116736614779115,4.690204943090767,30.0,2.11,4.4,279.66718625672934,22.0,21.0
2004-09-30,7.111752247051801,4.083628016798298,28.75,1.38175,2.0925000000000002,328.35,25.3,16.5625
2004-10-31,7.12036264065079,4.8451042441768255,20.0,0.9420000000000001,3.905485982007066,279.66718625672934,22.5,43.82274693981694
2004-11-30,7.116666666666667,4.451931687595216,29.0,0.7803333333333332,3.0500000000000003,295.3,24.583333333333332,58.166666666666664
2004-12-31,7.1052687495577835,4.171147984108754,21.75,0.5851666666666666,3.2250000000000005,280.15,25.041666666666664,33.82958228153492
2005-01-31,7.111752247051801,3.130655349022031,14.5,0.39,3.4000000000000004,265.0,25.5,43.82274693981694
2005-02-28,7.111752247051801,4.079217435746567,6.5,0.88,3.15,375.0,26.15,20.75
2005-03-31,7.111752247051801,5.306875602132889,20.75,0.625,2.6500000000000004,242.85,25.1,39.35
2005-04-30,7.111752247051801,5.0759321812302485,14.375,0.7375,4.9,336.675,25.05,42.175
2005-05-31,7.1,4.55024058653017,8.0,0.85,3.781279862809869,264.8370828925603,25.0,45.0
2005-06-30,7.121836412724187,4.518527100117336,10.0,2.0,3.781279862809869,279.66718625672934,21.0,14.0
2005-07-31,7.116736614779115,5.223304970355086,21.25,1.5825,1.5,268.4,19.0,20.375
2005-08-31,7.129525675765432,5.854306649205526,17.0,1.285,3.35,395.0,21.3,30.0
2005-09-30,7.12036264065079,3.926081654431975,28.0,0.8333333333333334,1.8333333333333333,285.3333333333333,20.966666666666665,14.333333333333334
2005-10-31,7.10462400846459,4.21759974063691,15.5,0.065,3.905485982007066,398.0,23.05,66.2
2005-11-30,7.129525675765432,4.522769636801884,16.6,0.592,2.56,248.2,25.54,17.72
2005-12-31,7.133333333333333,4.292278228672973,22.333333333333332,1.1966666666666665,4.166666666666667,335.3333333333333,22.7,59.0
2006-01-31,7.124283694110661,4.408847439435319,14.480692168403479,1.29,3.1999999999999997,279.66718625672934,27.8,43.82274693981694
2006-02-28,7.133333333333334,5.700473820515559,23.0,1.21,1.5666666666666664,299.3333333333333,26.900000000000002,42.6
2006-03-31,7.125570186525219,4.550326211208258,9.5,0.59,1.6,208.0,26.950000000000003,9.65
2006-04-30,7.1,4.638499240621076,13.0,0.55,5.4,298.5,25.0,82.5
2006-05-31,7.121836412724187,3.3140779917792127,11.0,1.29,1.25,268.6,20.5,15.5
2006-06-30,7.116736614779115,5.278759315316313,23.0,1.135,2.785,348.5,22.75,14.4
2006-07-31,7.107483810657587,3.349264572927785,18.333333333333332,0.8366666666666666,1.5333333333333332,259.73333333333335,21.1,11.6
2006-08-31,7.1,5.469823488160352,24.5,1.88,1.55,361.5,21.4,23.1
2006-09-30,7.107483810657587,4.810244350005549,23.4,1.33,1.26,371.52,22.02,31.8
2006-10-31,7.116736614779115,5.518515255919778,22.0,0.5,5.7,279.66718625672934,23.0,43.82274693981694
2006-11-30,7.11302509015973,5.071892864532458,20.0,1.6275,1.2999999999999998,279.66718625672934,23.15,43.82274693981694
2006-12-31,7.12036264065079,4.690204943090767,19.0,1.0711292452198415,5.1,320.0,21.0,20.0
2007-01-31,7.119156978767882,5.135453878649264,30.333333333333332,0.54,1.9666666666666666,338.6666666666667,25.866666666666664,43.82274693981694
2007-02-28,7.1,5.342424654883547,5.0,2.0,5.1,375.0,26.0,52.0
2007-03-31,7.10462400846459,4.693959418861009,13.0,0.3775,4.7749999999999995,251.25,23.075,75.6
2007-04-30,7.116736614779115,5.941865941027488,17.5,0.8887499999999999,2.4225,297.625,22.1375,59.699999999999996
2007-05-31,7.116736614779115,6.230449176845541,22.0,1.4,3.7344229777279208,344.0,21.2,43.8
2007-06-30,7.107483810657587,5.980517399263036,33.75,1.0711292452198415,3.7985261785238404,279.66718625672934,19.4,74.79249999999999
2007-07-31,7.125,5.326870205938433,15.893860516420279,1.0711292452198415,1.65,279.66718625672934,17.6,43.82274693981694
2007-08-31,7.12036264065079,4.217747073262793,20.0,0.5,5.0,308.0,23.15,9.95
2007-09-30,7.114549499825635,4.320636408953694,16.0,0.8099999999999999,2.4539999999999997,261.94,23.92,41.525
2007-10-31,7.103917244565938,3.99370069482035,16.5,1.3575,2.875,373.75,22.75,27.25
2007-11-30,7.116666666666667,4.594775106149939,17.333333333333332,0.5266666666666667,4.3999999999999995,271.71666666666664,24.5,26.688333333333333
2007-12-31,7.133333333333334,4.500624293314985,11.166666666666666,0.3533333333333334,4.025,230.85833333333332,24.0,34.05416666666667
2008-01-31,7.11302509015973,4.380245621997222,5.0,0.18,3.6500000000000004,190.0,23.5,41.42
2008-02-29,7.1,5.518515255919778,24.0,2.0,2.7,279.66718625672934,26.5,43.82274693981694
2008-03-31,7.103917244565938,3.658106835506393,25.5,0.625,2.1,278.5,25.5,74.5
2008-04-30,7.115856593925964,5.346892572774317,26.75,1.2075,1.15,287.25,23.6,46.75
2008-05-31,7.1,5.643453663517979,28.0,1.79,3.7344229777279208,296.0,21.7,19.0
2008-06-30,7.115856593925964,4.676436556163573,16.0,0.2,2.7,183.0,21.8,5.9
2008-07-31,7.116736614779115,4.7744291247404265,20.0,1.3233333333333333,3.266666666666666,279.1666666666667,19.883333333333333,59.370000000000005
2008-08-31,7.115856593925964,4.661822147187612,15.0,0.89,3.9333333333333336,275.0,26.0,44.666666666666664
2008-09-30,7.125570186525219,4.2636703847799255,14.5,1.1925,4.325,299.75,22.625,16.8975
2008-10-31,7.116736614779115,4.897632588654153,26.0,2.0,5.2,334.0,25.5,16.0
2008-11-30,7.114549499825635,4.716060012981015,23.0,0.91,3.457142857142857,291.7142857142857,25.0,51.75428571428571
2008-12-31,7.1,5.278755886707245,17.5,0.975,4.5,291.5,22.45,43.5
2009-01-31,7.121836412724187,5.892095159477921,17.0,1.14,3.7344229777279208,282.0,25.3,33.9
2009-02-28,7.11,5.645296482597001,13.7,0.9299999999999999,2.7749999999999995,256.2,25.93,53.879999999999995
2009-03-31,7.115856593925964,5.015958802599222,10.4,0.72,5.4799999999999995,230.4,26.560000000000002,73.86
2009-04-30,7.103917244565938,4.736972523182577,12.533333333333333,0.9316666666666666,3.5399999999999996,237.36666666666667,24.363333333333337,44.461666666666666
2009-05-31,7.103917244565938,3.7325277806485664,14.666666666666666,1.1433333333333333,1.5999999999999999,244.33333333333334,22.166666666666668,15.063333333333333
2009-06-30,7.121836412724187,4.832515299342833,17.0,1.0711292452198415,3.8105521792350907,280.0,19.0,22.0
2009-07-31,7.111752247051801,5.434449137204767,19.428571428571427,0.942857142857143,2.4142857142857146,267.14285714285717,21.58571428571429,36.63857142857143
2009-08-31,7.1052687495577835,4.493704290511618,19.333333333333332,0.9800000000000001,4.733333333333333,244.0,23.666666666666668,66.33333333333333
2009-09-30,7.107483810657587,4.824148622384423,16.5,0.6599999999999999,4.875,264.0,22.575,33.82958228153492
2009-10-31,7.116972049030359,5.342424654883547,15.893860516420279,2.0,5.9,279.66718625672934,24.0,43.82274693981694
2009-11-30,7.111752247051801,5.0001205000001265,25.25,1.3375,1.6500000000000001,279.66718625672934,26.775,43.82274693981694
2009-12-31,7.121836412724187,4.25529663190434,12.0,2.0,3.824659009537087,281.0,23.5,43.82274693981694
2010-01-31,7.107294860572735,4.676436556163573,4.0,0.3,1.4,193.0,27.1,43.82274693981694
2010-02-28,7.1,4.2554895980755365,5.5,0.55,5.550000000000001,192.0,24.9,49.575
2010-03-31,7.111752247051801,5.129048286432302,23.333333333333332,0.9533333333333335,1.4333333333333333,300.6666666666667,26.26666666666667,65.48
2010-04-30,7.116531578783728,5.1922931451618926,24.791666666666664,0.8529166666666668,1.6679166666666667,279.33333333333337,23.945833333333333,46.17
2010-05-31,7.1,5.24748778757958,26.25,0.7525,1.9024999999999999,258.0,21.625,26.86
2010-06-30,7.1,5.226602482615032,20.0,1.45,3.905485982007066,268.0,19.5,33.82958228153492
2010-07-31,7.115856593925964,4.864437336273235,20.857142857142858,0.9085714285714286,2.628571428571429,317.7142857142857,22.47142857142857,43.82274693981694
2010-08-31,7.1,4.414990051283522,14.0,1.0711292452198415,6.3,300.0,20.0,18.0
2010-09-30,7.11302509015973,5.415406173927311,24.25,1.0425,3.7694301222532522,247.25,22.175,26.0625
2010-10-31,7.12036264065079,4.785336954534081,26.0,2.0,6.2,319.0,23.0,46.0
2010-11-30,7.129525675765432,5.3130785553740605,14.39495787425369,1.335,1.3425,359.5,25.575,33.82958228153492
2010-12-31,7.121836412724187,4.662767272763343,18.0,0.5,6.4,356.0,25.5,33.82958228153492
2011-01-31,7.119156978767882,4.676436556163573,6.5,0.08,1.8,178.5,28.25,16.145
2011-02-28,7.12036264065079,4.963792547912095,7.0,0.3,6.3,221.0,27.0,25.0
2011-03-31,7.121836412724187,5.63842369184256,15.893860516420279,0.6933333333333334,1.7699999999999998,272.0,24.833333333333332,48.93333333333334
2011-04-30,7.116736614779115,5.462399495463553,10.0,2.0,6.1,354.0,23.5,43.82274693981694
2011-05-31,7.121836412724187,5.576432634610761,13.25,0.9524999999999999,1.3025,259.0,20.625,15.7225
2011-06-30,7.111752247051801,5.1545791592503605,22.25,1.415,2.975,279.66718625672934,23.35,43.82274693981694
2011-07-31,7.107483810657587,5.149793172241278,19.25,1.2117499999999999,3.4775,289.5,21.85,12.3075
2011-08-31,7.129525675765432,5.152291402784132,22.5,1.96,3.855,308.0,20.8,23.2
2011-09-30,7.116736614779115,4.676436556163573,15.893860516420279,0.364,4.3,263.0,22.5,11.3
2011-10-31,7.121836412724187,4.792398694191473,25.0,1.52,5.7,320.0,24.0,14.0
2011-11-30,7.107483810657587,5.244106338969304,13.0,0.29125,2.15,274.25,24.85,50.699999999999996
2011-12-31,7.12036264065079,4.345719982373792,28.0,0.6166666666666667,3.3666666666666667,329.3333333333333,22.900000000000002,52.666666666666664
2012-01-31,7.1000000000000005,4.345719982373792,9.333333333333334,0.45,3.3333333333333335,319.3333333333333,23.399999999999995,43.82274693981694
2012-02-29,7.12036264065079,4.345719982373792,23.0,0.046,3.824659009537087,346.0,25.0,43.82274693981694
2012-03-31,7.116736614779115,4.345719982373792,17.0,0.5185,3.781279862809869,235.5,25.5,11.1
2012-04-30,7.12036264065079,4.345719982373792,10.0,1.12,6.5,344.0,25.0,73.0
2012-05-31,7.116736614779115,4.345719982373792,17.0,0.682,3.902,273.6,21.6,18.386
2012-06-30,7.121836412724187,4.345719982373792,9.0,0.348,3.905485982007066,191.0,20.0,27.0
2012-07-31,7.125570186525219,4.345719982373792,17.6,0.5542,2.2020000000000004,375.4,19.68,33.82958228153492
2012-08-31,7.1052687495577835,4.345719982373792,8.666666666666666,0.6649999999999999,4.533333333333334,287.6666666666667,26.099999999999998,34.0
2012-09-30,7.129525675765432,4.345719982373792,18.5,0.8785,2.3,297.0,22.15,15.905000000000001
2012-10-31,7.12036264065079,4.345719982373792,18.67857142857143,0.9719642857142856,2.3985714285714286,282.2142857142857,23.50071428571428,17.274642857142858
2012-11-30,7.107483810657587,4.345719982373792,18.857142857142858,1.0654285714285714,2.497142857142857,267.42857142857144,24.851428571428567,18.64428571428572
2012-12-31,7.11302509015973,4.345719982373792,26.095238095238095,0.8202142857142857,2.315238095238095,254.8809523809524,24.89238095238095,32.80547619047619
2013-01-31,7.124283694110661,4.345719982373792,33.333333333333336,0.575,2.1333333333333333,242.33333333333334,24.933333333333334,46.96666666666667
2013-02-28,7.12036264065079,4.345719982373792,11.0,1.0005,3.740815774988899,302.5,23.0,36.0
2013-03-31,7.1,4.345719982373792,9.0,1.0,5.5,305.0,26.0,63.0
2013-04-30,7.12036264065079,4.345719982373792,10.0,0.2,3.905485982007066,307.0,18.0,30.0
2013-05-31,7.12036264065079,4.345719982373792,16.4,1.1676000000000002,3.4939999999999998,323.4,22.528,46.702
2013-06-30,7.121836412724187,4.345719982373792,22.5,0.9344999999999999,2.7099999999999995,262.5,24.676666666666666,31.113333333333333
2013-07-31,7.12036264065079,4.345719982373792,15.893860516420279,1.2426666666666668,1.825,366.6666666666667,21.01666666666667,33.82958228153492
2013-08-31,7.129525675765432,4.345719982373792,15.893860516420279,1.4716666666666667,1.5008333333333335,351.0,21.060000000000002,55.53666666666666
2013-09-30,7.116736614779115,4.345719982373792,15.893860516420279,1.7006666666666668,1.1766666666666667,335.3333333333333,21.103333333333335,19.133333333333333
2013-10-31,7.116736614779115,4.345719982373792,15.893860516420279,0.54,3.7807886761898897,262.5,23.85,37.75
2013-11-30,7.121836412724187,4.345719982373792,27.0,0.3245,5.3125,256.25,25.825000000000003,22.79
2013-12-31,7.115856593925964,4.345719982373792,11.0,0.109,4.0,250.0,27.8,7.83
2014-01-31,7.115856593925964,4.345719982373792,21.0,0.76,2.5949999999999998,226.0,27.11,26.25
2014-02-28,7.116345600662232,4.345719982373792,15.893860516420279,1.0711292452198415,3.7344229777279208,279.66718625672934,20.1,29.1
2014-03-31,7.12036264065079,4.345719982373792,23.0,1.2,1.02,250.0,27.3,14.7
2014-04-30,7.12036264065079,4.345719982373792,19.333333333333332,1.3399999999999999,3.0066666666666664,359.3333333333333,22.900000000000002,70.33333333333333
2014-05-31,7.12036264065079,4.345719982373792,21.714285714285715,1.282857142857143,3.582857142857143,291.7142857142857,21.02857142857143,23.457142857142856
2014-06-30,7.116736614779115,4.345719982373792,15.893860516420279,1.0711292452198415,1.0,279.66718625672934,25.9,43.82274693981694
2014-07-31,7.10462400846459,4.345719982373792,12.0,1.5899999999999999,3.67,302.3333333333333,19.96666666666667,9.746666666666668
2014-08-31,7.11302509015973,4.345719982373792,15.893860516420279,1.04,2.25,246.0,28.2,57.5
2014-09-30,7.111752247051801,4.345719982373792,15.893860516420279,1.47,3.905485982007066,308.5,25.8,24.05
2014-10-31,7.125570186525219,4.345719982373792,16.5,1.0711292452198415,3.5999999999999996,377.0,27.299999999999997,22.5
2014-11-30,7.116345600662232,4.345719982373792,29.0,1.6324999999999998,2.7,380.75,27.224999999999998,33.82958228153492
2014-12-31,7.121836412724187,4.345719982373792,8.0,0.3,3.1,227.0,27.8,9.1
2015-01-31,7.10462400846459,4.345719982373792,17.5,1.085,3.455,295.5,28.85,26.1
2015-02-28,7.1,4.345719982373792,15.893860516420279,1.0711292452198415,3.7344229777279208,264.8370828925603,20.2,20.4
2015-03-31,7.12036264065079,4.345719982373792,15.666666666666666,1.93,1.3766666666666667,334.6666666666667,24.333333333333332,14.566666666666668
2015-04-30,7.111752247051801,4.345719982373792,21.0,0.9525,2.715,298.0,26.1,32.825
2015-05-31,7.125570186525219,4.345719982373792,15.893860516420279,0.7890119920853629,3.7344229777279208,414.0,21.6,17.5
2015-06-30,7.129525675765432,4.345719982373792,26.666666666666668,1.8733333333333337,3.633333333333333,317.3333333333333,21.96666666666667,14.0
2015-07-31,7.12036264065079,4.345719982373792,26.4,0.962,2.6599999999999997,328.8,24.4,23.856
2015-08-31,7.116736614779115,4.345719982373792,21.0,1.0711292452198415,4.0,410.0,22.6,18.0
2015-09-30,7.111752247051801,4.345719982373792,9.5,0.39999999999999997,3.905485982007066,184.0,25.35,22.85
2015-10-31,7.103917244565938,4.345719982373792,13.5,1.15,4.8,324.5,24.8,27.5
2015-11-30,7.111752247051801,4.345719982373792,21.75,0.7649999999999999,3.1825,319.25,26.25,33.82958228153492
2015-12-31,7.121836412724187,4.345719982373792,7.0,0.65,1.75,262.0,25.200000000000003,36.835
2016-01-31,7.103917244565938,4.345719982373792,5.0,0.37,2.4050000000000002,193.5,25.295,51.550000000000004
2016-02-29,7.121836412724187,4.345719982373792,11.0,0.8,6.6,334.0,25.0,43.82274693981694
2016-03-31,7.115856593925964,4.345719982373792,13.25,0.73,3.43,311.25,24.65,43.82274693981694
2016-04-30,7.12,4.345719982373792,27.0,2.1,3.7344229777279208,340.0,22.86,24.0
2016-05-31,7.116736614779115,4.345719982373792,10.5,1.325,3.6,317.0,22.65,9.3
2016-06-30,7.121836412724187,4.345719982373792,16.666666666666668,0.9500000000000001,5.2,235.66666666666666,24.333333333333332,52.0
2016-07-31,7.129525675765432,4.345719982373792,12.0,1.2774999999999999,3.7725,260.25,20.7275,16.3
2016-08-31,7.116736614779115,4.345719982373792,16.0,2.0,5.9,338.0,20.1,19.0
2016-09-30,7.107483810657587,4.345719982373792,10.75,1.2375,1.9549999999999998,282.5,23.612499999999997,11.4
2016-10-31,7.121836412724187,4.345719982373792,14.0,1.0,5.1,250.0,25.9,22.0
2016-11-30,7.129525675765432,4.345719982373792,9.2,0.8459999999999999,3.2419999999999995,300.4,24.522000000000002,57.48
2016-12-31,7.125570186525219,4.345719982373792,17.0,1.5,5.75,342.0,26.75,43.82274693981694
2017-01-31,7.12036264065079,4.345719982373792,10.666666666666666,1.0483333333333333,5.125,302.83333333333337,26.90833333333333,74.91666666666667
2017-02-28,7.116736614779115,4.345719982373792,4.333333333333333,0.5966666666666667,4.5,263.6666666666667,27.066666666666666,43.333333333333336
2017-03-31,7.129525675765432,4.345719982373792,15.5,1.1716666666666666,3.231666666666666,283.6666666666667,26.206666666666663,35.71666666666667
2017-04-30,7.116972049030359,4.345719982373792,15.0,1.0,3.824659009537087,308.0,25.0,18.0
2017-05-31,7.116736614779115,4.345719982373792,2.0,0.945,3.4,329.0,21.200000000000003,15.0
2017-06-30,7.116736614779115,4.345719982373792,7.0,1.1933333333333334,5.0,241.0,18.7,13.666666666666666
2017-07-31,7.107483810657587,4.345719982373792,17.0,1.1199999999999999,1.615,298.5,22.55,12.9
2017-08-31,7.129525675765432,4.345719982373792,16.666666666666664,1.3983333333333332,2.855833333333333,304.08333333333337,23.825,17.116666666666667
2017-09-30,7.116736614779115,4.345719982373792,16.333333333333332,1.6766666666666665,4.096666666666667,309.6666666666667,25.099999999999998,21.333333333333332
2017-10-31,7.103333333333334,4.345719982373792,7.666666666666667,0.6633333333333333,2.9166666666666665,220.0,25.899999999999995,53.06666666666666
2017-11-30,7.121836412724187,4.345719982373792,9.333333333333334,0.9066666666666667,3.3733333333333335,250.0,24.633333333333336,44.666666666666664
2017-12-31,7.10462400846459,4.345719982373792,8.666666666666666,1.175,5.133333333333333,205.66666666666666,22.833333333333332,10.633333333333333
2018-01-31,7.111752247051801,4.345719982373792,21.833333333333336,1.5875,6.431666666666667,404.83333333333337,24.616666666666667,33.82958228153492
2018-02-28,7.111752247051801,4.345719982373792,14.480692168403479,2.0,3.905485982007066,279.66718625672934,26.4,43.82274693981694
2018-03-31,7.10462400846459,4.345719982373792,19.166666666666668,1.2966666666666666,3.953333333333333,267.0,26.833333333333332,17.483333333333334
2018-04-30,7.121836412724187,4.345719982373792,3.5,0.715,4.6,219.5,23.0,34.6
2018-05-31,7.116345600662232,4.345719982373792,3.416666666666667,0.7025,3.5,252.25,25.06666666666667,38.28333333333333
2018-06-30,7.116345600662232,4.345719982373792,3.3333333333333335,0.6900000000000001,2.4,285.0,27.133333333333336,41.96666666666667
2018-07-31,7.116972049030359,4.345719982373792,5.0,0.2,3.824659009537087,195.0,24.7,11.0
2018-08-31,7.1,4.345719982373792,15.893860516420279,1.0,2.4,264.8370828925603,21.0,29.0
2018-09-30,7.12036264065079,4.345719982373792,22.4,1.6199999999999999,3.0900000000000007,324.4,22.580000000000002,46.019999999999996
2018-10-31,7.125570186525219,4.345719982373792,27.0,1.0,3.7865127543684385,276.0,26.3,10.0
2018-11-30,7.125570186525219,4.345719982373792,17.666666666666668,1.6600000000000001,4.368333333333333,302.3333333333333,23.583333333333332,51.6
2018-12-31,7.116736614779115,4.345719982373792,18.0,2.1125,3.0249999999999995,400.5,20.450000000000003,12.35
2019-01-31,7.1052687495577835,4.345719982373792,5.0,0.2,3.9,136.0,28.6,15.0
2019-02-28,7.116972049030359,4.345719982373792,24.0,0.8,3.905485982007066,304.0,24.0,43.82274693981694
2019-03-31,7.10462400846459,4.345719982373792,23.0,0.8414285714285715,3.824659009537087,305.14285714285717,24.65714285714286,43.82274693981694
2019-04-30,7.116736614779115,4.345719982373792,22.0,0.8828571428571429,3.7807886761898897,306.2857142857143,25.314285714285713,43.82274693981694
2019-05-31,7.129525675765432,4.345719982373792,21.0,0.9242857142857144,5.752857142857143,307.42857142857144,25.97142857142857,43.82274693981694
2019-06-30,7.107483810657587,4.345719982373792,20.0,0.9657142857142857,4.867142857142857,308.57142857142856,26.62857142857143,43.82274693981694
2019-07-31,7.116345600662232,4.345719982373792,19.0,1.0071428571428571,3.9814285714285713,309.7142857142857,27.28571428571429,33.82958228153492
2019-08-31,7.111752247051801,4.345719982373792,18.0,1.0485714285714287,3.095714285714285,310.85714285714283,27.942857142857143,76.08571428571429
2019-09-30,7.115856593925964,4.345719982373792,17.0,1.09,2.21,312.0,28.6,52.1
2019-10-31,7.111752247051801,4.345719982373792,14.0,0.93,1.845,256.5,28.35,33.82958228153492
