,solido,ph,coliformes,dbo,fosforo,od,temperatura,turbidez
0,2.2805594018160913,0.9081658755567835,3.54861459498041,0.7720771026714505,0.3185889747897608,0.5405380195641023,1.3577760846218248,1.4569982860896005
1,2.2862755384063274,0.9088039557419757,3.535570126559786,0.7617608341954742,0.3185889747897608,0.5365803601427517,1.3610717028184531,1.4612055885394666
2,2.2919174161590132,0.9088039557419757,3.522121689596827,0.7511935371459257,0.3185889747897608,0.5325863032353528,1.3643425006395002,1.4653725227848373
3,2.2974869397629045,0.9095919695551286,3.5082434616206224,0.7403626894942439,0.3185889747897608,0.5285551731479463,1.3675888491527628,1.4694998561188162
4,2.302985941552733,0.9095919695551286,3.4939070622466217,0.7292548082404865,0.3185889747897608,0.5244862751944659,1.3708111111664734,1.4735883341639673
5,2.308416185128146,0.9095919695551286,3.4790812037652787,0.7178553484963927,0.3185889747897608,0.52037889497824,1.3740096414726277,1.4776386816807612
6,2.3137793687491706,0.9095919695551286,3.463731279952726,0.7061485889631423,0.3185889747897608,0.5162322976391897,1.3771847870814182,1.4816516033386673
7,2.319077128524574,0.9106403981140654,3.447818879514224,0.6941175015416068,0.3185889747897608,0.5120457270647415,1.3803368874471573,1.4856277844519479
8,2.32431104140808,0.9106403981140654,3.4313012069505757,0.6817436023615081,0.3185889747897608,0.5078184050623346,1.3834662746860629,1.4895678916820732
9,2.3294826280161858,0.9106403981140654,3.414130388870916,0.6690067809585756,0.3185889747897608,0.5035495304912568,1.3865732737862528,1.4934725737085575
10,2.334593355280168,0.9110729871304046,3.3962526374372137,0.6558851036366705,0.3185889747897608,0.4992382783513883,1.3896582028102813,1.4973424618699085
11,2.33964463894385,0.9111571891529917,3.377607234108631,0.6423545861871354,0.4577100490828524,0.49488379882625894,1.3927213730905308,1.501178170776269
12,2.3446378459177795,0.9113685765211492,3.3581252852766488,0.6283889300503115,0.10311925354571388,0.49048521627764397,1.395763089417763,1.5049802988952419
13,2.280464546626918,0.9106403981140654,4.102124855734526,0.6020599913279624,0.11818202695909454,0.7906369619317034,1.3891660843645326,0.8061799739838872
14,2.1975562131535367,0.9088039557419757,4.50107296214305,0.5797835966168101,0.1525329484345258,0.6174197467371766,1.334453751150931,1.8155777483242672
15,2.417098013208282,0.9095919695551286,4.62325963061961,0.8750612633917001,0.06088662300466224,0.6424645202421213,1.4065401804339552,1.7032913781186614
16,2.249931756634195,0.9081658755567835,4.239324509787797,0.9138138523837167,0.16280329238267433,0.5187770689267748,1.390935107103379,1.5768018958289125
17,2.2554534234487273,0.9090438210635811,4.197480425460875,0.87069645798925,0.15399007063131764,0.534882421447405,1.382917135087531,1.7151464375718621
18,2.2609057676498003,0.9086194173796481,4.151170586889111,0.8228216453031046,0.1449942893595094,0.5504118190080738,1.374748346010104,1.8199056968971499
19,2.266290508320006,0.9079459741975624,4.099326640080534,0.7690078709437739,0.13580822512258892,0.5654050375151257,1.3664229572259727,1.5488373253837302
20,2.271609301378832,0.9064303328374662,4.040444098362676,0.7075701760979364,0.12642365373733844,0.5798978696031037,1.3579348470004537,1.6417977478180987
21,2.276863742639605,0.9064303328374662,3.972307001002307,0.6359861118008331,0.11683180603782445,0.5939226393603958,1.3492775274679554,1.6417977478180987
22,2.2820553706837066,0.9064303328374662,3.891453824238682,0.5502283530550941,0.10702331863399937,0.6075086365079782,1.3404441148401183,1.6417977478180987
23,2.2871856695650172,0.9064303328374662,3.7920237843502926,0.4432629874586951,0.09698817898007252,0.6206824846986385,1.331427296520743,1.6417977478180987
24,2.292256071356476,0.9064303328374662,3.6628522332647964,0.3010299956639812,0.0867156639448825,0.6334684555795865,1.3222192947339193,1.6417977478180987
25,2.289520349038481,0.9095919695551286,4.974815546499796,0.7056005832350318,0.08068197717702762,0.5865873046717549,1.377418341527436,1.322537342702658
26,2.329058719264225,0.9095919695551286,3.0090257420869104,0.9378520932511556,0.15391644181707798,0.36046718351584883,1.3921104650113139,1.7609248484091329
27,2.2779910116754087,0.90931418723915,4.3222399749311515,0.8239087409443188,0.047015121872906115,0.5767251721325901,1.4259687322722812,1.2937307569224819
28,2.442380661995822,0.9106403981140654,4.369234416606825,0.7403626894942439,0.2261271218165188,0.4892551683692605,1.4093694704528195,1.70372115992702
29,2.415975063942752,0.9064303328374662,3.653309012938479,0.3010299956639812,0.038222638368718455,0.505149978319906,1.414973347970818,1.3222192947339193
30,2.292256071356476,0.9064303328374662,4.799347442962076,0.6532125137753437,0.08707120590653541,0.5916210382133191,1.3521825181113625,1.6766936096248666
31,2.2405492482825995,0.9111571891529917,4.897632588654153,0.6989700043360189,0.0354297381845483,0.8920946026904804,1.3424226808222062,1.2787536009528289
32,2.2489536154957075,0.9088039557419757,4.831876170322975,0.6627578316815741,0.034267397038025574,0.8704039052790271,1.3521825181113625,1.2911467617318857
33,2.2571984261393445,0.9086194173796481,4.754355981673324,0.6232492903979004,0.03310193666384781,0.8475726591421122,1.3617278360175928,1.3031960574204888
34,2.26528962586083,0.9064303328374662,4.659925703127408,0.5797835966168101,0.031933340275605474,0.8234742291703011,1.3710678622717363,1.31492005599242
35,2.2732328340430454,0.9064303328374662,4.539088650475033,0.5314789170422551,0.030761590951016597,0.7979596437371961,1.380211241711606,1.3263358609287514
36,2.2810333672477277,0.9064303328374662,4.371086342494794,0.47712125471966244,0.029586671630457136,0.7708520116421442,1.3891660843645326,1.3374592612906562
37,2.2211533219547053,0.9113685765211492,4.15839265038712,0.8325089127062363,0.06378356059735511,0.7795964912578246,1.3463529744506386,1.215373152783422
38,2.216165902285993,0.9099695044611626,4.644202174392919,0.6020599913279624,0.039116555285151636,0.8543060418010806,1.3756636139608853,1.816241299991783
39,2.367355921026019,0.9083640507317359,4.055416559840489,0.6989700043360189,0.02579724131029153,0.7895807121644255,1.3873898263387294,1.6414741105040995
40,2.383815365980431,0.9079459741975624,4.695490432339068,0.8016323462331665,0.059689611271879016,0.6782147827453995,1.4313637641589874,0.9731278535996987
41,2.424881636631067,0.9081658755567835,4.857338528257185,0.7634279935629373,0.07393819063525295,0.7993405494535817,1.3944516808262164,1.1920095926536702
42,2.3997725820509856,0.9088039557419757,4.839154997237661,0.7923916894982539,0.09104357790172048,0.7876426153136069,1.3944516808262164,1.2640078237410313
43,2.373122264161289,0.9095919695551286,4.820176742073049,0.8195439355418687,0.10750069451551626,0.7756208488992233,1.3944516808262164,1.3257501636290525
44,2.3447290231064053,0.9095919695551286,4.80033110724728,0.8450980400142568,0.12335688863696827,0.7632568092950909,1.3944516808262164,1.3797974308352259
45,2.3143488333732125,0.9106403981140654,4.779534994488048,0.8692317197309762,0.13865450337186933,0.750530434103433,1.3944516808262164,1.4278569048339158
46,2.281682536997752,0.9111571891529917,4.757692760374109,0.8920946026904804,0.15343155825574417,0.7374198435898056,1.3944516808262164,1.4711239974125587
47,2.246357873040835,0.90931418723915,4.734693556690377,0.9138138523837167,0.16772231855829306,0.7239011143348186,1.3944516808262164,1.5104684083046755
48,2.2079035303860515,0.90931418723915,4.7104079263165115,0.9344984512435677,0.18155777386278638,0.709948016510761,1.3944516808262164,1.546542663478131
49,2.504878459410216,0.9064303328374662,3.9149246482051483,0.7481880270062005,0.050534419540123436,0.6414741105040995,1.404833716619938,1.515873843711679
50,2.2904056446887195,0.9081658755567835,3.465035673747828,0.7533276666586115,0.24858624385510414,0.5814945422908993,1.355387657986574,1.4382785804926075
51,2.35163068260903,0.9086194173796481,4.2063130519359575,1.0357155522665344,0.13508719693307816,0.48935571113667403,1.387898070377897,1.4187746368509668
52,2.275695176468609,0.9081658755567835,3.623352681537992,0.8239087409443188,0.17993459813744145,0.30247523653816216,1.3679767852945943,1.436692597664054
53,2.358886204405869,0.9088039557419757,4.398998396499194,0.8822398480188234,0.1539672216454788,0.5773481601858734,1.3847117429382825,1.6160814768297154
54,2.3143939572219625,0.9116150562939961,4.279461609257673,0.8786653876605253,0.10346162209470482,0.5742483606999491,1.354588587877241,1.61178966823085
55,2.2648178230095364,0.9111576087399766,4.113976758289846,0.8750612633917001,0.04630001965296922,0.5711262770843116,1.3222192947339193,1.6074550232146685
56,2.2617385473525378,0.9100905455940681,4.7512868041718495,0.9344984512435677,0.12319807503199863,0.6627578316815741,1.334453751150931,1.5477747053878226
57,2.2586372827240764,0.909020854211156,4.999134892913685,0.9867717342662448,0.18850663381811414,0.738384123512156,1.3463529744506386,1.4785664955938433
58,2.2555137128195333,0.9079485216122722,4.538523787029379,1.0334237554869496,0.24526583945746122,0.8027737252919757,1.3579348470004537,1.3961993470957363
59,2.2523675144598987,0.9068735347220704,4.69688275078715,1.0755469613925308,0.29545713807256296,0.8588378514285855,1.3692158574101427,1.294466226161593
60,2.249198357391113,0.9057958803678685,4.69688275078715,1.1139433523068367,0.34044411484011833,0.6956725855633187,1.380211241711606,1.1613680022349748
61,2.2846186994314843,0.9095919695551286,4.538523787029379,1.1139433523068367,0.36975684179779683,0.8150461760646306,1.3695250738574551,1.1870504506422683
62,2.317366791939507,0.9088677489811896,4.9956395813883425,1.1139433523068367,0.3972155806777054,0.6958317728266923,1.358569316772763,1.211298567283048
63,2.325310371711061,0.9081658755567835,4.698978690138799,0.8893017025063104,0.21418130866382065,0.8432327780980096,1.3664229572259727,1.059752694209299
64,2.36078268987328,0.9106403981140654,4.69688275078715,1.1083394747888382,0.3288890398395607,0.8243862023187739,1.3921104650113139,1.2265999052073575
65,2.3654879848909,0.9057958803678685,4.8451042441768255,1.200633582139086,0.0986437258170569,0.667452952889954,1.3117538610557542,1.1476763242410988
66,2.364550995353972,0.9113685765211492,4.69688275078715,0.9661417327390326,0.4216039268698311,0.7098887660861455,1.3374592612906562,1.4575034265733053
67,2.3715296320992945,0.90931418723915,4.69688275078715,0.9481683617271317,0.38306696930737266,0.7098887660861455,1.3415993735009406,1.407603325351417
68,2.3783979009481375,0.9098525608942901,4.69688275078715,0.9294189257142927,0.340774502442133,0.8758326569904252,1.3457003905834422,1.351216345339342
69,2.3851592385800426,0.9064697276433242,4.69688275078715,0.909823369650912,0.29391474103110216,0.8185557792978025,1.3497630439879496,1.286400326707424
70,2.391816923613249,0.9089315942207271,4.538523787029379,0.8893017025063104,0.24138043414761176,0.7525605875980134,1.353788044826781,1.2101847054724069
71,2.3983740861513563,0.9113795839463952,4.828236564597114,0.8677620246502007,0.18160542260735144,0.6747080854122087,1.3577760846218248,1.1176855012016143
72,2.404833716619938,0.9138138523837167,2.9036325160842376,0.8450980400142568,0.1122697684172706,0.5797835966168101,1.3617278360175928,1.0
73,2.355387657986574,0.9084850188786499,4.69688275078715,1.2174839442139063,0.2939147410311021,0.7577754910119257,1.3862016054007935,0.9493900066449129
74,2.3256524705723134,0.9088039557419757,4.067480023931482,1.0280287236002434,0.15548786214128146,0.7543483357110189,1.3891660843645326,1.5720967679505191
75,2.3781382330887406,0.9100142263808143,4.69688275078715,1.2448070714251411,0.250280559545807,0.6317818729476509,1.40287522634755,1.5880314775662288
76,2.4071075149129415,0.9120448296448701,3.8751191654625683,0.6368220975871743,0.22993768590793384,0.5185139398778874,1.3862016054007935,1.5432400279280454
77,2.3344537511509307,0.90931418723915,4.69688275078715,1.021189299069938,0.43933269383026263,0.8388490907372553,1.290034611362518,1.5118833609788744
78,2.425153665754839,0.9102685716190669,3.719248398447946,1.1409268419924303,0.14322304503483083,0.785329835010767,1.420505836570779,1.3832167518513312
79,2.2259550728960145,0.909823369650912,4.405420358698294,1.0107238653917732,0.20473028025610437,0.701855692573507,1.3891660843645326,1.667452952889954
80,2.3983740861513563,0.9088039557419757,5.026264896853579,0.9030899869919435,0.1660599028568349,0.5835765856339492,1.3521825181113625,1.7853298350107671
81,2.3748246920561655,0.9088039557419757,4.808136107521442,0.9542425094393249,0.22594431757507377,0.6724827002133619,1.3664229572259727,1.6266824662362944
82,2.3499247622850716,0.9088039557419757,4.3491512042150315,1.0,0.2785630791327508,0.7462448717201982,1.380211241711606,1.3741370939994129
83,2.363455279734607,0.9095919695551286,4.207425651265309,0.9890046156985368,0.26648648958772847,0.7353992699626938,1.4107772333772097,1.3698340703001615
84,2.376576957056512,0.9106403981140654,3.9956790605116224,0.9777236052888477,0.25406445291433793,0.724275869600789,1.4393326938302626,1.3654879848908996
85,2.5446880223026773,0.90931418723915,5.0064703209915224,1.0791812460476249,0.1636085634310517,0.7817553746524689,1.3710678622717363,1.5488373253837302
86,2.3915231836751634,0.9084850188786499,4.733004559372642,0.8346326063360918,0.32411089911062946,0.730378468587643,1.380211241711606,1.5269850685599957
87,2.439332693830263,0.9138138523837167,4.903095415639038,0.8450980400142568,0.42975228000240795,0.7634279935629373,1.3617278360175928,1.2671717284030137
88,2.3560258571931225,0.9113685765211492,3.456859269390922,1.1383026981662814,0.14223299179471383,0.7222224639697302,1.3617278360175928,1.5314789170422551
89,2.5446880223026773,0.9083640507317359,4.113976758289846,0.9164539485499251,0.28046454662691805,0.7923916894982539,1.3424226808222062,1.531159465404532
90,2.405260961594782,0.9088039557419757,4.838855384814572,0.8129133566428556,0.16989475763598677,0.7350663496842954,1.3756636139608853,1.5488373253837302
91,2.302114376956201,0.9095919695551286,3.8389120274059985,1.021189299069938,0.11727129565576427,0.4842998393467858,1.3521825181113625,1.1613680022349748
92,2.384890796530554,0.9090438210635811,4.5860694430305005,1.100370545117563,0.11793383503964149,0.5976951859255123,1.3692158574101427,1.3979400086720377
93,2.454387467146955,0.9079459741975624,4.846380415688401,1.167317334748176,0.11859536522376199,0.6875289612146342,1.3856062735983121,1.550228353055094
94,2.514282047860378,0.9064303328374662,5.008003671840159,1.2253092817258628,0.11925588927793669,0.761927838420529,1.4014005407815442,1.662757831681574
95,2.5669086552268032,0.9064303328374662,4.538523787029379,1.276461804173244,0.11991541025799107,0.825426117767823,1.416640507338281,1.7520484478194385
96,2.4260765022806203,0.9064303328374662,4.538523787029379,1.3222192947339193,0.1205739312058499,0.8808135922807914,1.4313637641589874,1.8260748027008264
97,2.509370560438018,0.9086194173796481,4.69688275078715,1.1422329917947138,0.15855094706974218,0.6459132750338442,1.3913762391696494,1.6596785560245753
98,2.3715296320992945,0.9111576087399766,4.69688275078715,0.829303772831025,0.19347245138219193,0.6945770826061874,1.3473300153169503,1.3864989655506532
99,2.3566631199368167,0.9099695044611626,4.69688275078715,0.9542425094393249,0.11561051167429974,0.5854607295085006,1.3741370939994129,1.3741370939994129
100,2.318758762624413,0.9095919695551286,5.048465110321171,1.0791812460476249,0.10974723771322864,0.6580113966571124,1.3679767852945943,1.3031960574204888
101,2.345700390583442,0.9113685765211492,4.788286241811426,1.0606978403536118,0.1353314586505159,0.6343092970463177,1.3625138895930922,1.5817790457284588
102,2.3710678622717363,0.9071425310031405,4.042470502590945,1.041392685158225,0.15949199723621957,0.6092385759550858,1.3569814009931311,1.7501225267834002
103,2.3404441148401185,0.90931418723915,3.757142869659127,1.1687920203141817,0.11456928729182103,0.6658935455344326,1.354588587877241,1.4969296480732148
104,2.307496037913213,0.9095919695551286,2.6085260335771943,1.2671717284030137,0.06445798922691845,0.7160033436347992,1.3521825181113625,0.8162412999917831
105,2.299942900022767,0.9095919695551286,3.1024337056813365,0.9777236052888477,0.0881360887005513,0.6483600109809317,1.380211241711606,1.5622928644564746
106,2.360309344342059,0.9081658755567835,3.140979163476971,1.3273589343863303,0.09342168516223506,0.6651117370750514,1.4107772333772097,1.3701428470511021
107,2.413299764081252,0.9088677489811896,3.1763806922432702,1.5185139398778875,0.0986437258170569,0.6812412373755873,1.4393326938302626,1.0170333392987803
108,2.3750536497006407,0.9090438210635811,3.9379022012621223,1.462397997898956,0.17945603667645163,0.7429868333203926,1.4008256969095259,1.1741567592784816
109,2.3331112632754216,0.9081658755567835,4.19959978316423,1.3979400086720377,0.24756413351769704,0.7970365945440174,1.358569316772763,1.289291592392737
110,2.28668096935493,0.9095919695551286,4.361746717975897,1.3222192947339193,0.30642502755068735,0.8450980400142568,1.3117538610557542,1.380211241711606
111,2.2687339404540663,0.9116630463219594,4.483565902625093,1.2174839442139063,0.2170450412135358,0.8512583487190752,1.348953547981164,1.4348349343530247
112,2.285557309007774,0.9095919695551286,5.041396633271932,1.021189299069938,0.35458858787724096,0.724275869600789,1.380211241711606,1.6417977478180987
113,2.2714543622113297,0.9095919695551286,4.875934763919499,1.0606978403536118,0.2793246654426104,0.7507654498940112,1.3771847870814182,1.8475726591421122
114,2.2568780318187245,0.9106403981140654,4.60531582254542,1.0969100130080565,0.18822517270527928,0.7757317762602307,1.3741370939994129,1.651278013998144
115,2.241795431295199,0.9106403981140654,3.7364761820276966,1.130333768495006,0.07280114940984922,0.7993405494535817,1.3710678622717363,1.2833012287035497
116,2.270290553166761,0.90931418723915,4.322322685874011,1.1435352250999584,0.1050841970144828,0.7259116322950482,1.3771847870814182,1.3131639093135792
117,2.297030604235048,0.9066941112607688,4.56299430794742,1.156347200859924,0.13513265137677483,0.6374897295125107,1.3832167518513312,1.341104638894293
118,2.2187979981117376,0.9088039557419757,4.183155915434013,0.9777236052888477,0.08368174727430124,0.7708520116421442,1.3617278360175928,1.6857417386022637
119,2.3560258571931225,0.9071425310031405,4.057323705369284,1.1972805581256194,0.17933631386882828,0.675167089663394,1.423245873936808,1.3324384599156054
120,2.377943380255784,0.9095919695551286,3.900694774452398,1.0653929615619915,0.15704101253910127,0.6450946235531642,1.3521825181113625,1.2671717284030137
121,2.3988077302032647,0.9079459741975624,3.653309012938479,0.8750612633917001,0.13353890837021748,0.6127838567197355,1.2671717284030137,1.1903316981702914
122,2.3507324517161297,0.9081658755567835,4.070074826267528,0.9030899869919435,0.11851272903629863,0.6359861118008331,1.3117538610557542,1.5378190950732742
123,2.296665190261531,0.9111571891529917,4.278776457955645,0.9294189257142927,0.10294796800537362,0.6580113966571124,1.3521825181113625,1.7283537820212285
124,2.3057811512549824,0.9081658755567835,4.69688275078715,0.9319661147281727,0.16827644976718684,0.6397354399672363,1.3374592612906562,1.714329759745233
125,2.314709692955174,0.9079459741975624,4.69688275078715,0.9344984512435677,0.2250506961380488,0.6206564798196209,1.3222192947339193,1.6998377258672457
126,2.406028944963615,0.9089866399435508,4.69688275078715,0.9761970853273753,0.21316344779296714,0.7662268935741686,1.348953547981164,1.5467482466686697
127,2.481442628502305,0.9081658755567835,4.301051709845226,1.0142404391146103,0.20094165025468277,0.8750612633917001,1.3741370939994129,1.3082085802911045
128,2.4742162640762553,0.9113685765211492,4.69688275078715,1.0071785846271235,0.17603093618845414,0.8450980400142568,1.3972155806777053,1.6835348199018374
129,2.4668676203541096,0.9111576087399765,4.69688275078715,1.0,0.14960395493302422,0.8129133566428556,1.4191293077419758,1.8818124628947113
130,2.3650197428165347,0.9095919695551286,4.69688275078715,0.9661417327390326,0.2818852037063174,0.711807229041191,1.3222192947339193,1.660391098402467
131,2.5276299008713385,0.90931418723915,4.698978690138799,1.2174839442139063,0.12221587827282664,0.6434526764861874,1.423245873936808,1.7403626894942439
132,2.4701899062855524,0.9110729871304046,4.75301588461289,1.1613680022349748,0.1624897277365048,0.7107518348841256,1.3906407699305383,1.5956798946901867
133,2.403977963669355,0.9095919695551286,4.801067396109496,1.0969100130080565,0.1993437186893927,0.7690078709437739,1.355387657986574,1.3771847870814182
134,2.412460547429961,0.90931418723915,4.75301588461289,1.0881360887005513,0.16694787961581148,0.7353992699626938,1.3679767852945943,1.745595216427921
135,2.4207806195485655,0.9111576087399766,4.698978690138799,1.0791812460476249,0.13193929521042452,0.6989700043360189,1.380211241711606,1.5488373253837302
136,2.296665190261531,0.9113685765211492,3.7782236267660965,1.3117538610557542,0.33041377334919075,0.8976270912904414,1.3521825181113625,1.3756636139608853
137,2.368286884902131,0.9079459741975624,4.538523787029379,1.041392685158225,0.26245108973042947,0.724275869600789,1.414973347970818,1.2304489213782739
138,2.376272722731003,0.9083640507317359,5.065707905413861,1.0,0.21373905355238135,0.7584071921878864,1.3979400086720377,1.3187587626244128
139,2.384114363914378,0.9090438210635811,5.011433691901238,0.9542425094393249,0.15886485708117057,0.7900504736833514,1.380211241711606,1.3921104650113139
140,2.391816923613249,0.9088039557419757,4.949394886330778,0.9030899869919435,0.09604055429542754,0.8195439355418687,1.3617278360175928,1.4548448600085102
141,2.3935752032695876,0.90931418723915,5.066329653195669,0.8129133566428556,0.08368174727430124,0.6946051989335688,1.423245873936808,1.5488373253837302
142,2.4078156423841977,0.9098525608942901,4.903185883101892,0.9164539485499251,0.07630661609365665,0.6842467475153126,1.4079571294295616,1.797844369819624
143,2.4216039268698313,0.90759048821862,4.638831898241458,1.0,0.06880407463618031,0.6736351851406466,1.3921104650113139,1.4992287242836109
144,2.414137362184477,0.9098525608942901,4.905574930429898,0.9975805258765871,0.1748832068667131,0.6970355045588191,1.396005508894838,1.4525530632289254
145,2.406540180433955,0.90931418723915,5.069608082359712,0.9951474972055879,0.2600713879850748,0.7192391876340223,1.399865929708076,1.4002500911501117
146,2.3988077302032647,0.9106403981140654,4.538523787029379,0.9927007612585006,0.3312585401627218,0.7403626894942439,1.403692337561129,1.3407745024421331
147,2.486430478854434,0.9057958803678685,4.477135730961123,1.021189299069938,0.2161659022859931,0.7323937598229685,1.3521825181113625,1.2787536009528289
148,2.382917135087531,0.9084850188786497,5.041396633271932,1.1139433523068367,0.26228490223053363,0.6020599913279624,1.380211241711606,1.1613680022349748
149,2.4341695527583322,0.909823369650912,4.82282817599809,1.070037866607755,0.40440605092126936,0.8603380065709937,1.3891660843645326,1.0649257270016983
150,2.4800069429571505,0.9111576087399766,4.361746717975897,1.021189299069938,0.2671717284030138,0.7098887660861455,1.3979400086720377,0.9407654356312175
151,2.320146286111054,0.9083640507317359,4.095204233121819,0.6989700043360189,0.10551018476997394,0.7442929831226762,1.3856137299208935,1.2671717284030137
152,2.1398790864012365,0.9106403981140654,4.69688275078715,0.9777236052888477,0.12385164096708583,0.7634279935629373,1.3010299956639813,1.4471580313422192
153,2.419870125971131,0.90931418723915,4.058210848602164,1.1383026981662814,0.24179543129519873,0.7103994661168007,1.4065401804339552,1.2730012720637376
154,2.3783979009481375,0.9111571891529917,4.325330905243695,0.8129133566428556,0.12385164096708583,0.7160033436347992,1.4548448600085102,1.2430380486862944
155,2.4313637641589874,0.9111571891529917,5.003680208868356,0.8450980400142568,0.23678909940929294,0.8061799739838872,1.4548448600085102,1.4107772333772097
156,2.298853076409707,0.90931418723915,3.653309012938479,1.0,0.08098704691088722,0.6074550232146685,1.4313637641589874,1.8864907251724818
157,2.411339063315724,0.90931418723915,4.590002628905427,1.0940050223646494,0.21759360069268688,0.6520044615863756,1.4022613824546801,1.7795964912578246
158,2.5006023505691855,0.90931418723915,4.865154333291551,1.1712387562612692,0.32135674334432135,0.6924062348336306,1.3710678622717363,1.6374897295125106
159,2.3689064206447163,0.9095919695551286,4.615473959674434,1.1026623418971477,0.21792240410163174,0.7510865548860169,1.3424226808222062,1.6015167836500102
160,2.1789769472931693,0.9081658755567835,3.963835030702148,1.021189299069938,0.08188713942354976,0.8027737252919757,1.3117538610557542,1.5622928644564746
161,2.3620424281949877,0.9111571891529917,4.538523787029379,1.348953547981164,0.28443073384451945,0.693140460675295,1.358569316772763,1.3117538610557542
162,2.399673721481038,0.9095919695551286,3.8166389448984614,1.0,0.3379581636797009,0.7403626894942439,1.3424226808222062,0.9777236052888477
163,2.3966351669836934,0.9081658755567835,4.6362722000418595,1.2430380486862944,0.3114889665785555,0.7098887660861455,1.3473300153169503,1.236789099409293
164,2.3935752032695876,0.9090438210635811,4.903095415639038,1.3979400086720377,0.28330122870354957,0.7098887660861455,1.3521825181113625,1.3979400086720377
165,2.3324384599156054,0.9095919695551286,3.45499721730946,1.041392685158225,0.13830269816628143,0.7481880270062005,1.462397997898956,1.6127838567197355
166,2.2034408668304377,0.90931418723915,3.4808689236871677,1.1903316981702914,0.10974723771322864,0.7263196121107753,1.4771212547196624,1.7222224639697303
167,2.415975063942752,0.9084850188786497,3.5052856741441323,1.3010299956639813,0.07918124604762482,0.7032913781186614,1.3856137299208935,1.8095597146352678
168,2.3404441148401185,0.90931418723915,4.123884293460008,1.1139433523068367,0.12466721769860989,0.8195439355418687,1.414973347970818,1.3710678622717363
169,2.4290453710279785,0.9081497857613459,4.803805231101541,1.2336305801644631,0.21293631646318562,0.7489628612561614,1.3946705241071904,1.3399480616943509
170,2.502597799680834,0.9131513129998394,5.056908660920483,1.3273589343863303,0.2862599373472542,0.6646419755561255,1.3733718171813005,1.3064250275506875
171,2.4274252451783846,0.90931418723915,5.061644702327176,1.2582780152430313,0.2178950133235391,0.658964842664435,1.4033350405587437,1.433369746856586
172,2.3364597338485296,0.9095919695551286,5.066329653195669,1.1760912590556813,0.1367205671564068,0.6532125137753437,1.4313637641589874,1.5314789170422551
173,2.4187154968655955,0.9111576087399765,4.69688275078715,1.3664229572259727,0.3783979009481377,0.7075701760979364,1.3756636139608853,1.6459132750338443
174,2.413194950642369,0.9101573139056615,4.69688275078715,1.3509744659223943,0.3326908833356167,0.7217075919688175,1.3847117429382825,1.6415980353107338
175,2.407603325351417,0.9091547098084257,4.69688275078715,1.3349561161368517,0.2816014438256552,0.7353992699626938,1.3935752032695876,1.63723948779893
176,2.4019387667543897,0.9081497857613459,4.69688275078715,1.3183242508503952,0.22369059002006542,0.7486724603881673,1.4022613824546801,1.6328367544036255
177,2.3961993470957363,0.9071425310031405,4.337479228394032,1.3010299956639813,0.15685190107001115,0.7615519885641819,1.4107772333772097,1.6283889300503116
178,2.442380661995822,0.9124877613323237,4.69688275078715,1.2787536009528289,0.38783457239081065,0.6163004304425725,1.423245873936808,1.3756636139608853
179,2.442380661995822,0.9119255015820493,4.69688275078715,1.2857303691742012,0.3407986362996547,0.6600313746331198,1.4107772333772097,1.3794101208136471
180,2.4643519528139897,0.9113625129579335,4.538523787029379,1.2925968281271185,0.28804274641663713,0.69975891369356,1.3979400086720377,1.383124584091668
181,2.48826861549546,0.90931418723915,4.62325963061961,1.1986570869544226,0.36597442170259875,0.7387805584843691,1.3729120029701067,1.5589484459780396
182,2.429752280002408,0.9104259865500832,4.69688275078715,1.423245873936808,0.43376983392486573,0.7323937598229685,1.3710678622717363,1.5622928644564746
183,2.3483048630481607,0.9093670034911635,4.682154105271285,1.1249387366083,0.2295965276170963,0.7757317762602307,1.4259687322722812,1.1712387562612692
184,2.4668676203541096,0.9066941112607688,3.7854010249923875,1.0479235523171828,0.3666097103924296,0.7007037171450193,1.3082085802911045,1.4160854983401856
185,2.374289987675311,0.9095582337999037,4.988563415731311,1.3664229572259727,0.24980960940180386,0.7558748556724915,1.4022613824546801,1.4107772333772097
186,2.3956175727530065,0.90931418723915,4.69688275078715,1.282546589969968,0.27013514272248185,0.6473829701146198,1.335792101923193,1.3473300153169503
187,2.4034065234791426,0.9104259865500832,4.674411004165626,1.3679767852945943,0.37526723465406725,0.6937269489236468,1.390640769930538,1.3547485195608393
188,2.321184027302314,0.9084850188786497,4.69688275078715,1.041392685158225,0.400365273349939,0.6857417386022636,1.380211241711606,1.5965970956264601
189,2.3473300153169503,0.9106403981140654,4.790174875364722,1.2522460504731183,0.22485665585695802,0.6732513632138493,1.372221367549868,1.572581201332486
190,2.413299764081252,0.9098525608942901,4.917642025657904,1.170628363354179,0.19824458622823618,0.7196419781727754,1.359953996321222,1.5667320289862194
191,2.4705574852172743,0.9111576087399765,5.016062051241259,1.070037866607755,0.16989475763598677,0.7615519885641819,1.3473300153169503,1.5608030019939636
192,2.432086985778083,0.9114239653762947,5.034479675305778,1.1437952038457666,0.2661787594125407,0.743313739231126,1.3299061234002103,1.4864659011032935
193,2.3898745583909853,0.9116901587538612,5.0521479143657855,1.2068258760318498,0.34494216276523537,0.7242758696007892,1.3117538610557542,1.3967222785037734
194,2.3740147402919116,0.9095560292411754,4.269458459413721,1.250420002308894,0.3376588910261423,0.5910646070264991,1.4082399653118496,1.5211380837040362
195,2.4356320489516605,0.912635304898174,4.69688275078715,1.2498774732165998,0.3703485763216016,0.6802347607214068,1.3881801713828814,1.6718924691960637
196,2.4413022866931673,0.9104259865500832,4.65553219593693,1.4679778752797927,0.38582961866978294,0.7481880270062005,1.4065401804339552,1.7283537820212285
197,2.4924111373136824,0.9111576087399766,4.8186722790216,1.3222192947339193,0.3185889747897608,0.7539658658651603,1.2671717284030137,1.7817553746524688
198,2.3869446243705745,0.90931418723915,3.950900089366387,1.3010299956639813,0.3298045221640694,0.5593080109070125,1.3617278360175928,1.3654879848908996
199,2.4252896164467943,0.9071425310031405,4.870409758264949,1.3374592612906562,0.47712125471966244,0.6580113966571125,1.3710678622717363,1.6459132750338443
200,2.4160854983401854,0.9059756752294319,4.955761260164633,1.3667341679034986,0.44790706004346925,0.6845794127800678,1.372298159077237,1.6878261179021792
201,2.40668208354971,0.9099695044611626,5.0270623133341585,1.3941597181383107,0.416585038345051,0.7096153993179835,1.373524980463404,1.7260476681558012
202,2.397070549959409,0.9098525608942901,4.538523787029379,1.4199557484897578,0.38282720973636525,0.7332864517753094,1.374748346010104,1.7611758131557314
203,2.5211380837040362,0.9120448296448701,4.95424733490676,1.4819201376014313,0.34130260037241644,0.7745169657285496,1.3152704347785915,1.194976603216055
204,2.411198673955554,0.9111576087399766,4.6159605671339845,1.4107772333772097,0.25773855615260327,0.7781512503836436,1.4313637641589874,1.6744018128452818
205,2.4479328655921804,0.9095919695551286,4.8451042441768255,0.9542425094393249,0.16181704016769252,0.711807229041191,1.414973347970818,1.711807229041191
206,2.3526647996511008,0.9088039557419757,2.754093393242939,0.9294189257142927,0.2383597864085238,0.7442929831226761,1.3617278360175928,1.3170181010481115
207,2.4452927694259716,0.9138138523837167,4.558624582816597,1.3180633349627615,0.1585434104406709,0.7403626894942439,1.3944516808262164,1.4313637641589874
208,2.4434585715565302,0.9091547098084256,4.52158697143396,1.2007137339640133,0.2625104155254679,0.7580463326059255,1.3117538610557542,1.4592039509722876
209,2.3263358609287517,0.9138138523837167,4.875819169374719,1.1856365769619117,0.2381297741591868,0.6887163699704658,1.3710678622717363,1.313515707212041
210,2.4225624835803696,0.9102685716190669,4.639286118636167,1.265211027637486,0.2526912524412733,0.8188854145940099,1.4065401804339552,1.6475459629789473
211,2.4045893877910447,0.9084850188786499,3.900967623919124,1.2621119296336114,0.23912064672498196,0.7207497786592608,1.3776184311333264,1.650723713371649
212,2.41137916622742,0.9094139275621657,4.227192306514037,1.3979400086720377,0.2503502865238654,0.760924848409133,1.3750100480257983,1.5732032513054885
213,2.4396484295634737,0.9095560292411754,4.4094004903794,1.5514499979728753,0.27244501904897633,0.724275869600789,1.3979400086720377,1.541579243946581
214,2.566555330883055,0.9098525608942901,4.6066607716609465,1.3944516808262164,0.2386481750578047,0.7993405494535817,1.3463529744506386,1.5888317255942073
215,2.4642659340340756,0.9095919695551286,3.09725730969342,1.380211241711606,0.22206584258858655,0.6782147827453995,1.3324384599156054,1.4860760973725888
216,2.382417314015095,0.9114535504767456,4.562338756164828,1.351108860007299,0.40752308967397494,0.7662268935741685,1.422334447617187,1.4340363540203143
217,2.3521825181113627,0.90931418723915,4.258900556783608,1.2201080880400552,0.24566069752025943,0.7979596437371961,1.3979400086720377,1.792391689498254
218,2.4201621131797437,0.9124877613323237,4.812165344532667,1.414973347970818,0.31845465003525203,0.7903857068006552,1.3617278360175928,1.5440680443502757
219,2.4194836892238207,0.9116630463219594,4.538523787029379,1.2155998003393549,0.2390133119264202,0.7873592521704674,1.3452336581560347,1.7569619513137056
220,2.4192947217534604,0.9116901587538612,4.241197709698056,1.3304137733491908,0.3812956230038259,0.7923916894982539,1.3010299956639813,1.3384564936046048
221,2.437829806408219,0.9123106428625346,4.914414563861504,1.301753217283077,0.32266714534789287,0.7307822756663892,1.3082085802911045,1.5738382050519886
222,2.455606112581867,0.9129302417393248,4.538523787029379,1.271066772286538,0.254870194299267,0.658964842664435,1.3152704347785915,1.7256394326735374
223,2.3966351669836934,0.9085316108295771,2.8851726832445688,1.3424226808222062,0.375114684692225,0.730378468587643,1.3664229572259727,1.691302563383483
224,2.3904935265041733,0.9138138523837167,4.254088646919074,1.2304489213782739,0.23140586884272993,0.8081144737610868,1.3569814009931311,1.4022613824546801
225,2.5094713521025485,0.90931418723915,3.697316541732383,1.209515014542631,0.3185889747897608,0.6776069527204931,1.4082399653118496,1.5378190950732742
226,2.43082726689261,0.9120448296448701,4.748859998587152,1.2838035936894705,0.27098921277532134,0.7634279935629373,1.396005508894838,1.4615652181962184
227,2.4370298321064605,0.9131482853864984,5.003188360782334,1.2498216955147996,0.2846459863018381,0.7433551604410227,1.388666654766519,1.5035989637514822
228,2.4431450585943475,0.9142489445709542,4.538523787029379,1.2129533952837617,0.29788637097498494,0.7223094243201432,1.381201651449628,1.5419210197428486
229,2.4186531076044586,0.9140314529637529,4.538523787029379,1.1949133088223114,0.42206227213052144,0.7210140887757871,1.4070065369694025,1.4611036500212768
230,2.392696953259666,0.9138138523837167,4.538523787029379,1.1760912590556813,0.3185889747897608,0.7197148781766233,1.4313637641589874,1.3617278360175928
231,2.412460547429961,0.9129302417393248,5.053720439622125,1.2346859743215286,0.26228490223053363,0.7184117692682648,1.390640769930538,1.3473300153169503
232,2.4313637641589874,0.91204482964487,5.010415414408115,1.286306738843275,0.2590688000495622,0.7171047385863685,1.3457003905834422,1.3324384599156054
233,2.449478399187365,0.9111576087399765,4.962309125740491,1.3324384599156054,0.4709247532999679,0.7157937624540998,1.295567099962479,1.3170181010481115
234,2.4668676203541096,0.9102685716190669,4.908202628536058,1.3741370939994129,0.45382777644786054,0.7144788169795595,1.384465253567223,1.3010299956639813
235,2.5224442335063197,0.90931418723915,4.8463829494594455,1.3979400086720377,0.3096301674258988,0.713159878053171,1.4471580313422192,1.2787536009528289
236,2.45178643552429,0.9106403981140654,4.7742794661005306,1.4313637641589874,0.2576785748691845,0.7118369213450281,1.3324384599156054,0.6901960800285137
237,2.408663874063811,0.9113685765211492,4.687774410702591,1.3521825181113625,0.2594744195310754,0.7105099223022013,1.3710678622717363,0.9800033715837463
238,2.36078268987328,0.90931418723915,4.57964176960685,1.255272505103306,0.2612628687924935,0.7091788561460052,1.4065401804339552,1.1522883443830565
239,2.361019169313865,0.9081497857613459,4.4353291054655735,1.2430380486862944,0.23377320821358868,0.7078436978692205,1.4086638740638107,1.2724218263715041
240,2.361255520058149,0.9131513129998394,4.217686943533977,1.2304489213782739,0.20442523865952097,0.7065044222332765,1.4107772333772097,1.3664229572259727
241,2.379758615842701,0.9118231942831303,4.3268968036430575,1.2700962814203305,0.3551161390768838,0.6916707655945195,1.4393326938302626,1.2787536009528289
242,2.469822015978163,0.9138138523837167,3.09725730969342,1.3222192947339193,0.2175716716118216,0.6960650136926116,1.414973347970818,1.5947607525864629
243,2.5149902330672873,0.9102685716190669,4.829953120368702,1.156347200859924,0.3476552077558832,0.6266824662362943,1.3290587192642247,1.4419568376564116
244,2.4419568376564116,0.9149892102916513,4.69688275078715,1.4722687519252504,0.36638144561421276,0.8110001619985749,1.3881801713828814,1.317599097097174
245,2.4782056360118823,0.9116630463219594,4.538523787029379,1.2872417111783478,0.30346605710708596,0.6603910984024671,1.380211241711606,1.423245873936808
246,2.3897565596178363,0.9104259865500832,4.323808795527016,1.2086204838826011,0.3150952807201966,0.7558748556724915,1.3424226808222062,1.5563025007672873
247,2.558022481161561,0.9116630463219594,4.709278443207096,1.3251636753807006,0.3295431526461916,0.654589042604147,1.395451208268343,1.6305731483101729
248,2.5509617522981762,0.9099695044611626,4.69688275078715,1.4183012913197455,0.3602146132953524,0.8145805160103186,1.3961993470957363,1.615950051656401
249,2.2007137339640135,0.9084850188786499,3.8785935975154073,1.146128035678238,0.08017536557460177,0.6127838567197355,1.3847117429382825,1.3324384599156054
250,2.302330928684399,0.9116630463219594,4.309129588835061,1.1760912590556813,0.3248172754538279,0.7419390777291989,1.424881636631067,1.3263358609287514
251,2.3502480183341627,0.90931418723915,4.69688275078715,1.3424226808222062,0.22788670461367355,0.6956725855633187,1.414973347970818,1.3979400086720377
252,2.3483048630481607,0.90931418723915,4.69688275078715,1.2388820889151366,0.290479813330673,0.7993405494535817,1.4522976709946303,1.4819201376014313
253,2.402905895778861,0.9069183790075047,4.69688275078715,1.218579265051509,0.3361594264847807,0.7587226985453177,1.3881308169329274,1.6560183023746884
254,2.451402613597493,0.9124877613323237,4.102696626950274,1.1972805581256194,0.37748838337613266,0.7139103541289553,1.312811826212088,1.7799570512469058
255,2.4511556916831925,0.9127722647698833,4.331114032611548,1.1309078524938723,0.3429440851008228,0.7347331740009787,1.3350995423210825,1.7151972422098598
256,2.4509086292994153,0.9130565819531331,4.480027075347286,1.0525290512761847,0.3054127928937106,0.7546031286088541,1.3562990843061946,1.6390593843511239
257,2.3145693943004555,0.9138138523837167,5.054042045497801,1.3862016054007935,0.3636119798921442,0.7377225933280355,1.3921104650113139,1.4913616938342726
258,2.487542370373206,0.9100736106950075,4.996454754833257,1.2230878217319048,0.2889833974482548,0.7256394326735375,1.3750100480257983,1.6942917420582482
259,2.4899584794248346,0.9104259865500832,4.69688275078715,0.9542425094393249,0.3424226808222063,0.9030899869919435,1.3424226808222062,1.041392685158225
260,2.4871383754771865,0.9104259865500832,4.200674650587286,1.194976603216055,0.21727917801112176,0.7652959296980566,1.414973347970818,1.6772012595738472
261,2.4991522841739524,0.9100736106950075,4.69688275078715,1.1872072639611426,0.24409836200866125,0.7733423142725107,1.4055929729005632,1.6116053092341927
262,2.510842778118108,0.9120448296448701,4.69688275078715,1.1792963989308927,0.2693572552103686,0.7812423273607855,1.396005508894838,1.5343082070611194
263,2.489130015965555,0.9081274276835576,4.69688275078715,1.3355693296782967,0.29533981469382165,0.7947618218079784,1.3863998681213805,1.4371337297303244
264,2.466274321789292,0.9098525608942901,4.770859372503186,1.4502491083193612,0.31985527366793204,0.8078731320033321,1.376576957056512,1.3117538610557542
265,2.4665710723863543,0.9057958803678685,4.572346803050738,1.3138672203691535,0.29143545492712203,0.7530082150208883,1.3404441148401183,1.424064525417488
266,2.4668676203541096,0.9074113607745862,4.196139324194433,1.1139433523068367,0.2610248339923974,0.6901960800285137,1.3010299956639813,1.513217600067939
267,2.445733901492242,0.9100736106950075,4.5838200999077,1.133006358356333,0.2688119037397804,0.6294095991027189,1.3046341199328064,1.4453446905787508
268,2.4235189292629378,0.9116630463219594,4.785336954534081,1.151267675330649,0.2764618041732442,0.5587085705331657,1.3082085802911045,1.3648635498704516
269,2.515211304327802,0.9104259865500832,4.538523787029379,1.2388820889151366,0.2733099939405398,0.6812412373755872,1.3424226808222062,1.380211241711606
270,2.4175341250132134,0.9104259865500832,4.69688275078715,1.3117538610557542,0.27013514272248185,0.7767011839884108,1.3741370939994129,1.3950350180286304
271,2.515542700362122,0.9104259865500832,4.69688275078715,1.2572784878009047,0.2915415076381999,0.7846172926328754,1.3822172244092048,1.4236099095674297
272,2.42433706667645,0.9104259865500832,4.69688275078715,1.194976603216055,0.3119421322115817,0.7923916894982539,1.3901497642457858,1.4504201914343973
273,2.320146286111054,0.9116630463219594,0.47712125471966244,1.5314789170422551,0.026533264523296733,0.7634279935629373,1.414973347970818,0.9030899869919435
274,2.442380661995822,0.9104259865500832,4.538523787029379,1.485315733334934,0.2834627665450636,0.7377225933280354,1.4244149042036596,1.4522246741910458
275,2.3180633349627615,0.9104259865500832,0.47712125471966244,1.0791812460476249,0.11577687615896319,0.6232492903979004,1.380211241711606,1.255272505103306
276,2.4616485680634552,0.9094139275621657,3.1464381352857744,1.290034611362518,0.29098012062915557,0.6197887582883939,1.4393326938302626,1.8725932620341004
277,2.503790683057181,0.9138138523837167,3.6406635970577788,0.9030899869919435,0.287801729930226,0.609949951186873,1.4471580313422192,1.1702617153949575
278,2.511437702158953,0.9100736106950075,3.8658538130895823,1.355387657986574,0.2753497520027715,0.5998830720736879,1.3617278360175928,1.632963168167261
279,2.469392416370841,0.910046027682912,3.602340382647571,1.235738809944795,0.2295111961536322,0.6063813651106049,1.3399480616943509,1.5957717020009405
280,2.4228359687795225,0.9099695044611626,2.8211858826088454,1.070037866607755,0.17825732081218887,0.6127838567197355,1.3170181010481115,1.5550944485783191
281,2.4341029584958536,0.9099695044611626,3.0725256109749517,1.3230801364070552,0.3103923520886751,0.6450946235531642,1.3366264815879185,1.6024217526832436
282,2.445085022719354,0.9099695044611626,3.230704313612569,1.4819201376014313,0.41156359194003644,0.675167089663394,1.355387657986574,1.645094623553164
283,2.4801267648593877,0.9104259865500832,2.949877704036875,1.4704349934714604,0.3251477803030446,0.7900504736833514,1.4015441329408629,1.4704962436629312
284,2.512550992904211,0.9085316108295771,1.9084850188786497,1.4586378490256493,0.21715480855442174,0.8808135922807914,1.443262987458695,1.1739143398014067
285,2.184691430817599,0.9104259865500832,0.47712125471966244,0.7781512503836436,0.04453976039241098,0.6989700043360189,1.3856137299208935,1.146128035678238
286,2.453099827095558,0.9093670034911635,4.438304964532098,1.2518119729937995,0.2976042057233587,0.8842287696326039,1.4359353272334707,1.5836844714826976
287,2.529650305995847,0.9093670034911635,4.268507767747351,1.298956987041116,0.3610079113075156,0.8811943853625334,1.4501024119890005,1.6009210612912814
288,2.41899950106157,0.9088465470593231,3.985830489858392,1.341481630655729,0.41632344619486594,0.878138650807716,1.463821915508635,1.6174995876201854
289,2.442380661995822,0.9088465470593231,2.9036325160842376,1.380211241711606,0.4653828514484183,0.8750612633917001,1.4771212547196624,1.6334684555795866
290,2.473121863290729,0.9138138523837167,2.7288946220436823,1.3170181010481115,0.4471580313422192,0.6946051989335688,1.4022613824546801,1.4022613824546801
291,2.4689009244729716,0.9138138523837167,2.431899599491494,1.2700962814203305,0.3682403840742153,0.7139103541289554,1.4086638740638107,1.741939077729199
292,2.464638559095033,0.9138138523837167,0.6989700043360189,1.2174839442139063,0.2717254694902384,0.7323937598229685,1.414973347970818,1.5488373253837302
293,2.545307116465824,0.9116630463219594,3.3619166186686433,1.3222192947339193,0.25671774597748703,0.8260748027008264,1.380211241711606,1.2787536009528289
294,2.5477747053878224,0.9084850188786497,3.122707254318348,1.146128035678238,0.4578818967339924,0.8793826371743425,1.3010299956639813,1.6337713460825556
295,2.312811826212088,0.9071081943461257,2.546542663478131,1.021189299069938,0.34024576156793174,0.7098887660861455,1.469822015978163,1.0314084642516241
296,2.414639146737009,0.9098525608942901,2.417471693203293,1.424881636631067,0.26150077319828013,0.5314789170422551,1.3838153659804313,1.6417977478180987
297,2.4874212113594742,0.9104259865500832,2.2329961103921536,1.287801729930226,0.20444558143306749,0.6253124509616739,1.41161970596323,1.1981069988734014
298,2.5234212743726316,0.90931418723915,1.9084850188786497,1.3521825181113625,0.3021143769562011,0.348953547981164,1.4393326938302626,1.3645509953539718
299,2.450249108319361,0.9093670034911635,0.47712125471966244,1.2388820889151366,0.244771761495295,0.7970365945440174,1.436692597664054,1.6417977478180987
300,2.4365601706217404,0.9113685765211492,1.8512583487190752,1.3473300153169503,0.4571246263034088,0.4471580313422192,1.441695135640717,1.5488373253837302
301,2.419870125971131,0.9094139275621657,3.7569655704193083,1.3891660843645326,0.251638220448212,0.414973347970818,1.380211241711606,1.5488373253837302
302,2.459392487759231,0.9124877613323237,4.055289118533775,1.130333768495006,0.2816014438256552,0.46982201597816303,1.3612555200581489,1.6417977478180987
303,2.4168407221203863,0.9088465470593231,4.230474467361159,1.4913616938342726,0.403120521175818,0.8260748027008264,1.3010299956639813,1.8864907251724818
304,2.337958163679701,0.9138138523837167,1.380211241711606,1.3756636139608853,0.22076165397514222,0.5357159699855097,1.32479671762173,1.3636119798921444
305,2.416406882818361,0.9088465470593231,3.477265995424853,1.3979400086720377,0.3694941621180987,0.8692317197309762,1.3783979009481377,1.7558748556724915
306,2.380211241711606,0.9138138523837167,0.6989700043360189,1.200633582139086,0.13830269816628143,0.5797835966168101,1.3283796034387378,0.6532125137753437
307,2.4226398167928265,0.9071081943461257,3.230704313612569,1.2787536009528289,0.008600171761917567,0.8750612633917001,1.4471580313422192,1.3424226808222062
308,2.5652573434202135,0.9116630463219594,3.602385590105105,1.4393326938302626,0.3185889747897608,0.6985183037934359,1.388278863459639,1.2933625547114456
309,2.561101383649056,0.9116630463219594,3.1464381352857744,0.8450980400142568,0.252610340567373,0.6985183037934359,1.423245873936808,1.6417977478180987
310,2.442380661995822,0.9104259865500832,1.8893017025063104,1.2833012287035497,0.3030663979235105,0.5740312677277188,1.3961993470957363,1.658964842664435
311,2.4260765022806203,0.9064303328374662,2.699837725867246,0.9542425094393249,0.008600171761917567,0.8976270912904414,1.423245873936808,1.6417977478180987
312,2.440027009696617,0.9063350418050906,3.7405205860536648,1.2304489213782739,0.3815843346527523,0.6556185835412222,1.4371160930480786,1.7216457662897462
313,2.4459076364015053,0.9104259865500832,3.6022770843001926,1.3869446243705745,0.36922513710762295,0.640978057358332,1.3993275321586789,1.7079106657131058
314,2.4517096982713467,0.9116630463219594,3.398287305357401,1.5017437296279945,0.35650389189400505,0.6258267132857112,1.3579348470004537,1.6937269489236468
315,2.449304800982165,0.9116630463219594,3.244689360492884,1.4022613824546801,0.34069192910185137,0.572581201332486,1.3377087841253876,1.6417977478180987
316,2.446886512432529,0.9151359066220119,3.004894321731049,1.2730012720637376,0.3242824552976926,0.5118833609788744,1.3164945392223113,1.6417977478180987
317,2.442380661995822,0.9104259865500832,2.424881636631067,1.3424226808222062,0.22297644989339133,0.8721562727482928,1.3664229572259727,1.591064607026499
318,2.446330014919989,0.9081658755567835,0.47712125471966244,1.467361417430506,0.36592455581490696,0.4366925976640542,1.3832167518513312,1.1260231179005198
319,2.442380661995822,0.9116630463219594,1.9084850188786497,0.9542425094393249,0.3010299956639812,0.8129133566428556,1.4065401804339552,1.2787536009528289
320,2.442380661995822,0.9071425310031405,2.6910814921229687,1.4734869700645685,0.31790671015542477,0.6499835436451452,1.4199557484897578,1.3516997004052664
321,2.4260765022806203,0.9104259865500832,3.5441921107650325,1.380211241711606,0.3010299956639812,0.8195439355418687,1.4393326938302626,1.6417977478180987
322,2.423245873936808,0.9093777108309907,1.421603926869831,1.44973545423003,0.3274270536683936,0.4357647592603795,1.4107772333772097,1.0552508788482151
323,2.4244732731953342,0.9088039557419757,3.0077193360424532,1.4522976709946303,0.3149551065942631,0.35097446592239434,1.4170562991191105,1.8688109154184627
324,2.425697213362591,0.9064303328374662,3.3030808064460437,1.4548448600085102,0.3021143769562011,0.6945770826061874,1.423245873936808,1.6417977478180987
325,2.576341350205793,0.9057958803678685,3.477265995424853,1.380211241711606,0.3185889747897608,0.9030899869919435,1.3873898263387294,1.2821687783046416
326,2.439253724017898,0.9057958803678685,0.8920946026904804,1.224014811372864,0.3122831657914784,0.4960065988800362,1.3864989655506532,1.6417977478180987
327,2.566408027526522,0.9071425310031405,3.577422858733516,1.2582780152430313,0.35864856036059417,0.6827465923729042,1.3878345723908105,1.6417977478180987
328,2.442380661995822,0.9084850188786497,3.878004470268025,1.290034611362518,0.4005379893919462,0.8129133566428556,1.3891660843645326,1.5488373253837302
329,2.442380661995822,0.9138138523837167,3.3619166186686433,1.3617278360175928,0.2304489213782739,0.6812412373755872,1.3617278360175928,1.3222192947339193
330,2.563421751494202,0.9116630463219594,0.4471580313422192,1.3222192947339193,0.24241718441771903,0.41497334797081786,1.3222192947339193,1.3339508043872472
331,2.5809249756756194,0.9104259865500832,3.9031442704095385,1.255272505103306,0.32118402730231405,0.6434526764861874,1.3579348470004537,1.6417977478180987
332,2.413299764081252,0.9104259865500832,0.4471580313422192,1.3617278360175928,0.23636928837428,0.46736141743050624,1.3915231836751634,1.4522976709946303
333,2.534026106056135,0.9085316108295771,3.1773633247503614,1.0606978403536118,0.11394335230683678,0.8920946026904804,1.4321672694425882,1.6417977478180987
334,2.4598145133874048,0.9116630463219594,1.0374264979406236,1.200633582139086,0.32960124835651883,0.6766936096248666,1.4303975913869669,1.5488373253837302
335,2.4782778319196046,0.9102685716190669,0.9138138523837167,1.355387657986574,0.4308272668926098,0.36172783601759284,1.3364597338485296,1.518952399765613
336,2.3921104650113136,0.9099695044611626,0.7403626894942439,1.1026623418971477,0.3082085802911046,0.7132104434506291,1.3856137299208935,1.6417977478180987
337,2.4536240735914507,0.9102685716190669,1.0107238653917732,1.166331421766525,0.1846914308175988,0.520483532740792,1.355387657986574,1.6417977478180987
338,2.3263358609287517,0.9094139275621657,1.1760912590556813,1.1139433523068367,0.35410843914740087,0.6232492903979004,1.446381812222442,1.2600713879850747
339,2.442380661995822,0.9084850188786497,4.69688275078715,1.3010299956639813,0.21748394421390624,0.7283537820212285,1.3521825181113625,1.6020599913279625
340,2.4871383754771865,0.9138138523837167,4.69688275078715,1.414973347970818,0.24054924828259971,0.6384892569546373,1.3374592612906562,1.8388490907372552
341,2.442380661995822,0.9116630463219594,3.699056854547668,1.2787536009528289,0.40568778667277755,0.8195439355418687,1.3064250275506875,1.6608654780038692
342,2.315970345456918,0.9095582337999037,0.4471580313422192,1.135662602000073,0.20321425869490078,0.5440680443502757,1.3276994240014999,1.7728105019145324
343,2.520483532740792,0.9084850188786497,3.699056854547668,1.200633582139086,0.47712125471966244,0.6945770826061874,1.409087369447835,1.162862993321926
344,2.41899950106157,0.9095582337999037,0.4623979978989561,1.3463529744506386,0.14535181655846088,0.6180480967120927,1.3714373174041008,1.5797835966168101
345,2.5118833609788744,0.9116630463219594,4.69688275078715,1.3979400086720377,0.3010299956639812,0.8808135922807914,1.4313637641589874,1.0
346,2.5748989892589456,0.9111576087399766,0.9444826721501687,1.2304489213782739,0.33243845991560533,0.6334684555795866,1.4277294795038933,1.2594744195310754
347,2.574031267727719,0.9104259865500832,3.1142772965615864,1.146128035678238,0.20411998265592482,0.6334684555795865,1.380211241711606,1.3979400086720377
348,2.44414893079015,0.9095919695551286,4.69688275078715,1.568201724066995,0.3847117429382824,0.5563025007672873,1.3476552077558832,1.52720011906298
349,2.53655844257153,0.9084850188786497,4.69688275078715,1.0791812460476249,0.25527250510330607,0.7098887660861455,1.3222192947339193,1.6417977478180987
350,2.537252254250707,0.9085316108295771,0.4471580313422192,1.2430380486862944,0.2937307569224818,0.7403626894942439,1.394013663157313,1.6422171294738805
351,2.4796832585947586,0.9116630463219594,1.0916669575956846,1.249198357391113,0.26990192273196545,0.7103994661168006,1.370836793108582,1.5229330286979326
352,2.413299764081252,0.9116630463219594,1.3404441148401185,1.255272505103306,0.24468936049288412,0.6782147827453994,1.3463529744506386,1.3579348470004537
353,2.5604745452213935,0.9095582337999037,1.4976206497812878,1.236789099409293,0.2179224041016317,0.6434526764861874,1.3502480183341627,1.5276943314748102
354,2.442380661995822,0.909823369650912,1.6127838567197355,1.2174839442139063,0.18939672583521844,0.6056641155967877,1.354108439147401,1.6494322232416165
355,2.4720246977002813,0.9104259865500832,3.741151598851785,1.0,0.3222192947339193,0.8195439355418687,1.421603926869831,1.4690852991231205
356,2.4947110252052624,0.9106244048892013,2.197280558125619,1.3502480183341627,0.19728055812561932,0.5826314394896364,1.4034637013453175,1.6242820958356683
357,2.4226398167928265,0.9113685765211492,4.190359716265324,1.0791812460476249,0.3268476989159903,0.7682680164515481,1.32479671762173,1.7403626894942439
358,2.4790471757557007,0.9093777108309907,4.69688275078715,1.3256524705723132,0.27966694404845555,0.7573960287930243,1.4273237863572472,1.6597577851558547
359,2.433236302553215,0.9102685716190669,4.69688275078715,1.206376062960149,0.19089171692216964,0.6190933306267428,1.4086638740638107,1.5255846386562626
360,2.3820170425748683,0.9111576087399766,0.4471580313422192,1.041392685158225,0.07918124604762482,0.414973347970818,1.3891660843645326,1.3304137733491908
361,2.4226398167928265,0.9084850188786497,5.041396633271932,1.255272505103306,0.3010299956639812,0.7098887660861455,1.3424226808222062,1.6417977478180987
362,2.4260765022806203,0.90931418723915,4.916471319981775,1.2787536009528289,0.1846914308175988,0.6232492903979004,1.3010299956639813,1.845098040014257
363,2.564784384503987,0.9099695044611626,4.740406906317765,1.146128035678238,0.15228834438305647,0.6056641155967877,1.3293978793610428,1.7516639462609866
364,2.503790683057181,0.9084850188786497,4.439457436873739,0.9542425094393249,0.11727129565576427,0.587336734507256,1.3560258571931227,1.6324572921847242
365,2.2648178230095364,0.90931418723915,1.0086001717619175,0.6020599913279624,0.07918124604762482,0.568201724066995,1.3579348470004537,0.8388490907372553
366,2.3870930757416673,0.9110729871304046,0.4471580313422192,1.348953547981164,0.2543063323312856,0.6665179805548809,1.336793165328941,1.4710960388403083
367,2.579402469359438,0.90931418723915,2.954724790979063,1.166331421766525,0.3521825181113625,0.7829501332654123,1.3921104650113139,1.6417977478180987
368,2.4293484729236616,0.9151359066220119,3.0614147782770735,1.2787536009528289,0.4175547243634548,0.6744018128452818,1.395763089417763,1.775592245844456
369,2.5658478186735176,0.9116630463219594,4.230474467361159,0.7781512503836436,0.25527250510330607,0.8842287696326039,1.4313637641589874,1.6417977478180987
370,2.411860112546675,0.9107768156582345,1.577874606809479,1.4953460748258616,0.17440873207312224,0.7323937598229685,1.4302133145275548,1.8010899559191622
371,2.442380661995822,0.9084850188786497,4.903095415639038,1.5622928644564746,0.47712125471966244,0.7098887660861455,1.4305587695227575,1.4871383754771865
372,2.3483048630481607,0.9138138523837167,4.823926112376169,1.5314789170422551,0.4186602922790329,0.8585371975696392,1.4199557484897578,1.4785664955938433
373,2.3951515915045425,0.909020854211156,4.727034012929484,1.4578818967339924,0.3510873597482829,0.7566361082458481,1.404149249209695,1.5488373253837302
374,2.437433443797971,0.9098525608942901,4.602125130614923,1.3692158574101427,0.27102799426232327,0.6232492903979004,1.3877456596088638,1.6417977478180987
375,2.4503517662756136,0.90931418723915,4.301127700930979,1.298125005020574,0.30274568458960244,0.5312659753944964,1.3552599055273784,1.5488373253837302
376,2.462896900288001,0.9111571891529917,0.47712125471966244,1.2130748253088512,0.33230377407737177,0.41441620295290205,1.320146286111054,1.681813887110256
377,2.4668676203541096,0.9138138523837167,4.698978690138799,1.4313637641589874,0.47712125471966244,0.6985183037934359,1.3979400086720377,1.6020599913279625
378,2.4939556956948823,0.9069504078051818,3.6742792433159552,1.509010399133144,0.32139127831168907,0.6575338875579863,1.3619975004049611,1.7510260218199347
379,2.4275942905590187,0.9088039557419757,4.113976758289846,1.462397997898956,0.21546130755524665,0.6815427260943269,1.423245873936808,1.6417977478180987
380,2.3783979009481375,0.9095582337999037,1.041392685158225,1.3935752032695876,0.2687339404540664,0.6857417386022636,1.4056877866727775,1.4702634469650784
381,2.569373909615046,0.9093670034911635,3.699056854547668,0.9030899869919435,0.2787536009528289,0.6334684555795865,1.414973347970818,1.6720978579357175
382,2.4277294795038933,0.9071425310031405,0.9030899869919435,1.3222192947339193,0.267562808557224,0.4842998393467858,1.4397273276437894,1.7564459201622729
383,2.44870631990508,0.9138138523837167,3.9031442704095385,1.041392685158225,0.47712125471966244,0.47712125471966244,1.3617278360175928,1.5488373253837302
384,2.287801729930226,0.9090438210635811,2.320146286111054,0.8450980400142568,0.11394335230683678,0.38021124171160603,1.4487063199050798,1.6417977478180987
385,2.3521825181113627,0.9084850188786497,3.6030360562505215,1.1613680022349748,0.2596790024900061,0.6074550232146685,1.3404441148401183,1.2448953336918616
386,2.3879827199214656,0.9066941112607688,3.4272696652926995,1.2130748253088512,0.2396747876467811,0.6812412373755872,1.3796076356632203,1.6417977478180987
387,2.389018340024988,0.90759048821862,3.127212818383249,1.177295960194052,0.20707307478116618,0.6651117370750514,1.3569018525943553,1.876006031888473
388,2.3900514964589874,0.9084850188786497,0.7781512503836436,1.1383026981662814,0.17182392744601005,0.6483600109809315,1.3329431601256923,1.4496326504700745
389,2.41899950106157,0.9084850188786497,4.538523787029379,1.3222192947339193,0.3521825181113625,0.7442929831226762,1.3521825181113625,1.8692317197309762
390,2.4769143985681437,0.90931418723915,0.8450980400142568,1.422073688388757,0.24084865848536072,0.6232492903979003,1.3853508813640172,1.5488373253837302
391,2.359835482339888,0.9084850188786497,3.699056854547668,1.041392685158225,0.11394335230683678,0.7634279935629373,1.423245873936808,1.4471580313422192
392,2.442380661995822,0.9111576087399765,1.5314789170422551,1.3117538610557542,0.21120956339260377,0.49831055378960054,1.3983740861513563,1.395981273035466
393,2.4471580313422194,0.9104259865500832,3.1464381352857744,1.380211241711606,0.47712125471966244,0.5314789170422551,1.4471580313422192,1.1760912590556813
394,2.496929648073215,0.9104259865500832,0.3010299956639812,0.9294189257142927,0.3014640731432998,0.6074550232146685,1.4145555562292151,1.5165353738957996
395,2.41161970596323,0.9138138523837167,4.69688275078715,1.041392685158225,0.47712125471966244,0.7075701760979364,1.3891660843645326,1.6417977478180987
396,2.254064452914338,0.9095919695551286,1.3891660843645326,1.0,0.03342375548694973,0.4471580313422192,1.4661258704181992,1.234137489450963
397,2.478566495593843,0.9104259865500832,3.954290761701127,1.0,0.26228490223053363,0.3424226808222063,1.3010299956639813,1.6417977478180987
398,2.4668676203541096,0.9138138523837167,4.204147125212848,1.3921104650113139,0.4124605474299613,0.6334684555795865,1.3547485195608393,1.8846065812979305
399,2.505149978319906,0.9116630463219594,4.361746717975897,1.1760912590556813,0.4014005407815441,0.5314789170422551,1.3222192947339193,1.3424226808222062
400,2.4183012913197452,0.9138138523837167,1.146128035678238,1.3664229572259727,0.24518353215466523,0.4471580313422192,1.3531465462139793,1.3783524702789292
401,2.4510184521554574,0.9071425310031405,3.699056854547668,1.1760912590556813,0.2370407913791908,0.6580113966571124,1.4124605474299614,1.8619822141108484
402,2.5728716022004803,0.9095582337999037,1.6334684555795866,1.443262987458695,0.29921665490051286,0.8260748027008264,1.3574583856450357,1.6417977478180987
403,2.5165353738957994,0.9104259865500832,3.699056854547668,1.3222192947339193,0.01953168453125545,0.7075701760979364,1.3811150807098507,1.2187979981117376
404,2.4216039268698313,0.9116630463219594,0.8450980400142568,0.8450980400142568,0.13481437032046006,0.724275869600789,1.3710678622717363,1.089905111439398
405,2.550228353055094,0.9138138523837167,3.9031442704095385,1.2041199826559248,0.35237549500051996,0.6720978579357175,1.414973347970818,1.1139433523068367
406,2.384263785722803,0.9095582337999037,1.3222192947339193,1.4022613824546801,0.27554168840130955,0.47712125471966244,1.395326393069351,1.3117538610557542
407,2.4226398167928265,0.9104259865500832,3.230704313612569,1.2632414347745813,0.3392526340326997,0.6812412373755872,1.4138583422700266,1.6417977478180987
408,2.400825696909526,0.9084850188786499,4.611202692182174,1.200633582139086,0.2695129442179163,0.6434526764861874,1.4456042032735976,1.3879827199214656
409,2.45178643552429,0.9104259865500832,4.903095415639038,1.041392685158225,0.46834733041215726,0.8692317197309762,1.3222192947339193,1.6417977478180987
410,2.3636119798921444,0.9116630463219594,3.699056854547668,1.3117538610557542,0.1576078533616681,0.7958800173440752,1.423245873936808,1.506505032404872
411,2.2833012287035497,0.9104259865500832,3.699056854547668,1.0,0.07918124604762482,0.4913616938342727,1.3979400086720377,1.806179973983887
412,2.429752280002408,0.9116630463219594,4.82931020677569,1.4712917110589385,0.2845435229587499,0.8883667301712372,1.3300077008727593,1.4042519881169053
413,2.4983105537896004,0.9138138523837167,4.538523787029379,1.1139433523068367,0.32633586092875144,0.7075701760979364,1.414973347970818,1.4913616938342726
414,2.420945405921972,0.9148718175400504,4.883667112168564,1.354108439147401,0.2306191995541088,0.6434526764861874,1.3662361237182932,1.448087666692341
415,2.4946183361681156,0.9088039557419757,4.361746717975897,1.3617278360175928,0.2878763445652181,0.6812412373755872,1.3617278360175928,1.5481846105451078
416,2.4578818967339924,0.9104259865500832,4.361746717975897,1.568201724066995,0.003029470553617962,0.6532125137753437,1.3645509953539718,1.295677034017465
417,2.4702424366130313,0.9104259865500832,4.361746717975897,1.5597356766056811,0.1848806246702547,0.6232492903979004,1.391325846748637,1.5203852649539935
418,2.4822608943720734,0.9095582337999037,4.361746717975897,1.5511013070814794,0.3126709130110129,0.5910646070264993,1.4165454132976332,1.6677330525332674
419,2.452480109342998,0.9112844656072151,4.290056882303365,1.511246565436773,0.2914058541990513,0.43136376415898736,1.421556922758967,1.6417977478180987
420,2.420505836570779,0.9099695044611626,4.204147125212848,1.467361417430506,0.269045709657623,0.6945770826061874,1.4265112613645752,1.6417977478180987
421,2.4479328655921804,0.9104259865500832,4.09694475517694,1.2174839442139063,0.315235409617727,0.6989700043360189,1.4313637641589874,1.7745169657285496
422,2.4885507165004443,0.9084850188786497,3.1464381352857744,1.2041199826559248,0.47712125471966244,0.568201724066995,1.3961993470957363,1.4913616938342726
423,2.537819095073274,0.9104259865500832,4.544080452586785,1.3424226808222062,0.3010299956639812,0.5563025007672873,1.3617278360175928,1.146128035678238
424,2.4320066872695985,0.9104259865500832,3.699056854547668,1.4563660331290431,0.28538850892199136,0.7781512503836436,1.363762358869375,1.3201878434032635
425,2.4260765022806203,0.9143431571194408,4.230474467361159,1.4340363540203143,0.2889196056617266,0.5141048209728325,1.3839947894417328,1.7520177002190218
426,2.40426340205091,0.9104259865500832,4.6561077889816715,1.5336026106721106,0.3018977171952081,0.7455952164279208,1.3805127304303457,1.7294887691795613
427,2.438805956977453,0.9116630463219594,4.866883715037656,1.5261238000934845,0.41447194962930267,0.7546031286088541,1.3552599055273784,1.8408585540418794
428,2.470802365112064,0.9116630463219594,5.008178445952952,1.5185139398778875,0.26228490223053363,0.7634279935629373,1.3284475628288932,1.5488373253837302
429,2.485011214578573,0.9116630463219594,4.538523787029379,1.5440680443502757,0.17609125905568124,0.7098887660861455,1.395326393069351,1.2695129442179163
430,2.4444351730067457,0.9138138523837167,4.538523787029379,1.3617278360175928,0.11544408343623958,0.8721562727482928,1.4285397306379888,1.1371958119405483
431,2.399673721481038,0.90931418723915,4.69688275078715,1.041392685158225,0.044931546149160055,0.6989700043360189,1.4593924877592308,0.9459607035775686
432,2.3944516808262164,0.9098525608942901,4.69688275078715,1.0606978403536118,0.146128035678238,0.5440680443502757,1.4488608456074408,1.1818435879447726
433,2.5622928644564746,0.912753303671323,4.69688275078715,1.1760912590556813,0.2718416065364989,0.5759571887637573,1.3242824552976926,1.2017005085325119
434,2.3521825181113627,0.9104259865500832,4.69688275078715,1.2041199826559248,0.36921585741014284,0.6056641155967877,1.4517864355242902,1.2206890840891176
435,2.450249108319361,0.9104259865500832,4.69688275078715,1.3979400086720377,0.4487063199050798,0.6334684555795865,1.396780343144799,1.2388820889151366
436,2.486936237013261,0.9104259865500832,4.6434625467031605,1.265491670284992,0.2913688504515826,0.7139103541289554,1.3861166079483442,1.2992893340876799
437,2.575187844927661,0.9116630463219594,4.694613972470845,1.1903316981702914,0.33041377334919075,0.7558748556724915,1.3846812194021876,1.5488373253837302
438,2.442380661995822,0.9085316108295771,4.740370585685768,1.4313637641589874,0.26638851000876734,0.8162412999917831,1.3636119798921442,1.2151967895396163
439,2.4313637641589874,0.9111576087399766,4.781762553014333,1.469822015978163,0.29885307640970665,0.43136376415898736,1.4337698339248657,1.863322860120456
440,2.550839605065785,0.9071081943461257,4.819550515711442,1.3424226808222062,0.3010299956639812,0.7098887660861455,1.428134794028789,1.416640507338281
441,2.4800069429571505,0.9094139275621657,4.8543121158073035,1.0606978403536118,0.3185889747897608,0.31175386105575426,1.4141373621844768,1.6232492903979006
442,2.466125870418199,0.9124877613323237,3.230704313612569,1.3170181010481115,0.42894429003557444,0.5759571887637573,1.3399480616943509,1.5285953576940683
443,2.357934847000454,0.9138138523837167,3.373095987078727,1.0791812460476249,0.11394335230683678,0.6127838567197355,1.4593924877592308,1.0043213737826426
444,2.302114376956201,0.9085316108295771,3.4801507252732806,1.2671717284030137,0.11394335230683678,0.8864907251724818,1.474944335465388,1.3364597338485296
445,2.4026911642630386,0.9116630463219594,3.5659658174466666,1.1687920203141817,0.24489533369186156,0.724275869600789,1.4508903227897534,1.2810333672477277
446,2.484299839346786,0.9104259865500832,3.6375897858387,1.041392685158225,0.3453737305590883,0.4623979978989561,1.425425524594329,1.2174839442139063
447,2.529344787529569,0.9102685716190669,3.699056854547668,1.1026623418971477,0.3648635498704514,0.6532125137753437,1.374748346010104,1.5488373253837302
448,2.568592804221205,0.9094139275621657,3.8129801660394804,1.0142404391146103,0.3528254412219735,0.7054360465852505,1.3707597427257128,1.8883667301712372
449,2.4226398167928265,0.9116630463219594,3.9031442704095385,0.9030899869919435,0.34044411484011833,0.7520484478194386,1.3667341679034986,1.8653014261025438
450,2.5438198051426575,0.9104259865500832,4.021230658479703,1.0,0.339650157613684,0.5314789170422551,1.4136349971985558,1.749550812121276
451,2.506505032404872,0.9116630463219594,4.113976758289846,1.3979400086720377,0.25527250510330607,0.8450980400142568,1.4440447959180762,1.3010299956639813
452,2.2810333672477277,0.9071081943461257,3.9912703891951,0.7781512503836436,0.04139268515822507,0.7098887660861455,1.4440447959180762,1.1205739312058498
453,2.41899950106157,0.90931418723915,3.8196097327515854,1.041392685158225,0.47712125471966244,0.6483600109809317,1.374748346010104,1.6417977478180987
454,2.3687516195445553,0.9071425310031405,3.5379449592914867,0.7403626894942439,0.2816014438256552,0.6232492903979003,1.444435173006746,1.5479592105871862
455,2.4899584794248346,0.9138138523837167,2.478566495593843,1.0606978403536118,0.33243845991560533,0.6180480967120927,1.4207806195485655,1.6417977478180987
456,2.27415784926368,0.9088039557419757,3.4234097277330933,0.47712125471966244,0.11394335230683678,0.6989700043360189,1.41161970596323,1.5488373253837302
457,2.4260765022806203,0.9138138523837167,3.699056854547668,1.2041199826559248,0.47712125471966244,0.7160033436347992,1.3010299956639813,1.4913616938342726
458,2.5189523997656127,0.9116150562939961,3.653309012938479,0.5228787452803376,0.32428245529769273,0.568201724066995,1.3938675590409129,1.5650603397961038
459,2.539912084579118,0.9133722717845107,3.602168551378997,0.5642714304385626,0.31175386105575426,0.46239799789895614,1.365643953462123,1.5200466167261715
460,2.5599066250361124,0.9116630463219594,3.5441921107650325,0.6020599913279624,0.29885307640970665,0.3222192947339193,1.3354579006893843,1.469822015978163
461,2.458889540995547,0.9138138523837167,3.477265995424853,0.8846065812979305,0.3820170425748684,0.7993405494535817,1.4144162029529022,1.7533276666586115
462,2.5477747053878224,0.9116630463219594,4.538523787029379,0.7269987279362623,0.13513265137677483,0.8388490907372553,1.376576957056512,1.0556331242728354
463,2.525044807036845,0.9116630463219594,4.69688275078715,1.5563025007672873,0.25527250510330607,0.38021124171160603,1.437750562820388,1.6417977478180987
464,2.381415942849977,0.9104259865500832,4.538523787029379,0.8653014261025438,0.26834391395106466,0.5740312677277188,1.4065401804339552,1.0863598306747484
465,2.4871383754771865,0.9138138523837167,3.1142772965615864,1.4471580313422192,0.3010299956639812,0.38021124171160603,1.4487063199050798,1.2304489213782739
466,2.494850021680094,0.9116630463219594,3.39375064034808,1.130333768495006,0.25607601038690697,0.760924848409133,1.449478399187365,1.4107772333772097
467,2.482158695411276,0.9094139275621657,3.5624118329497274,1.3979400086720377,0.3010299956639812,0.43136376415898736,1.371990911464915,1.6417977478180987
468,2.4782056360118823,0.9104259865500832,3.9204364065507584,1.4093694704528195,0.30373588903990617,0.5740312677277188,1.3555472957321328,1.8319763626923518
469,2.4742162640762553,0.9116630463219594,4.113976758289846,1.420505836570779,0.30642502755068735,0.6812412373755872,1.3384564936046048,1.5835765856339492
470,2.4265112613645754,0.9116630463219594,3.477265995424853,1.1687920203141817,0.348953547981164,0.656417653650555,1.441302286693167,1.5949447366950833
471,2.399673721481038,0.9093670034911635,3.9031442704095385,1.462397997898956,0.3010299956639812,0.6232492903979004,1.354108439147401,1.2041199826559248
472,2.3443922736851106,0.9116630463219594,3.740441644949766,1.041392685158225,0.3185889747897608,0.7708520116421442,1.2798949800116382,1.5250448070368452
473,2.5736450565133797,0.9116630463219594,3.477265995424853,1.2041199826559248,0.4039779636693548,0.6901960800285137,1.4155297791576378,1.167317334748176
474,2.424881636631067,0.9104259865500832,3.6111211787919095,1.0,0.11394335230683678,0.5314789170422551,1.3944516808262164,1.0606978403536118
475,2.404833716619938,0.9116630463219594,3.713294492313628,1.1383026981662814,0.11025291735340308,0.6901960800285137,1.4065401804339552,1.0718820073061255
476,2.383815365980431,0.9093670034911635,3.7959494989028033,1.2430380486862944,0.10653085382238137,0.8061799739838872,1.4183012913197455,1.08278537031645
477,2.2648178230095364,0.9057958803678685,3.865360644039854,0.7403626894942439,0.09691001300805642,0.5740312677277188,1.421603926869831,1.0453229787866574
478,2.409087369447835,0.914078585389112,3.9251917240143372,1.1760912590556813,0.0663259253620378,0.3424226808222063,1.4240645254174877,1.5488373253837302
479,2.345046824648355,0.9085316108295771,3.9777693180915743,0.9294189257142927,0.20411998265592482,0.7520484478194386,1.3862016054007935,1.3673559210260189
480,2.3620424281949877,0.9065084972509668,4.088171539864352,0.9890046156985368,0.25527250510330607,0.7726883546821415,1.3750536497006407,1.6417977478180987
481,2.3783979009481375,0.9071081943461257,4.1761202110560856,1.041392685158225,0.3010299956639812,0.7923916894982539,1.3636119798921444,1.6417977478180987
482,2.362670929725667,0.9093670034911635,4.134633907460419,1.335792101923193,0.09737301356566509,0.6985183037934359,1.3983740861513563,1.5228787452803376
483,2.452553063228925,0.9135489579065179,4.088761966952277,0.7781512503836436,0.07918124604762482,0.8061799739838872,1.404833716619938,1.7041505168397992
484,2.4176100696524174,0.9128860139800419,4.0374663396435,0.7201593034059569,0.07261747654523654,0.6924062348336306,1.421055228778014,1.6970112686994472
485,2.3796076356632203,0.9122220565324154,3.979290331385515,0.6532125137753437,0.06595298031386966,0.5378190950732742,1.436692597664054,1.6897526961391567
486,2.292256071356476,0.9088465470593231,3.912098005305435,1.0,0.47712125471966244,0.6985183037934359,1.4099331233312946,1.0791812460476249
487,2.442380661995822,0.9084850188786497,3.83257277484618,0.6989700043360189,0.25527250510330607,0.8260748027008264,1.4471580313422192,1.5563025007672873
488,2.345700390583442,0.9116630463219594,2.82020145948564,0.6532125137753437,0.09708369606652131,0.7201593034059569,1.4071075149129415,1.7075701760979363
489,2.442380661995822,0.9148718175400503,3.3981136917305026,0.7781512503836436,0.3185889747897608,0.7075701760979364,1.3424226808222062,1.414973347970818
490,2.498861688992884,0.9095582337999037,3.799409479615127,0.8750612633917001,0.19138114164970116,0.738384123512156,1.4258601450778403,1.594116193712011
491,2.3685967632469964,0.9116630463219594,3.3803921600570273,0.7781512503836436,0.325720858019412,0.6720978579357175,1.358569316772763,1.7032913781186614
492,2.1367205671564067,0.9088039557419757,3.607562243183588,0.6989700043360189,0.22063101944809219,0.6901960800285137,1.4712917110589385,1.2041199826559248
493,2.4260765022806203,0.9093670034911635,3.755951041004132,0.6020599913279624,0.08170727009734924,0.6627578316815741,1.3979400086720377,1.041392685158225
494,2.4226398167928265,0.9088465470593231,3.755951041004132,0.7096938697277919,0.08085187199194462,0.667452952889954,1.4022613824546801,1.1972805581256194
495,2.41899950106157,0.9082094435655833,3.755951041004132,0.7958800173440752,0.07999478574584488,0.6720978579357175,1.4065401804339552,1.3117538610557542
496,2.577419985950017,0.9116630463219594,3.755951041004132,0.8677620246502007,0.07913600468273124,0.6766936096248666,1.4107772333772097,1.4022613824546801
497,2.5590083941432122,0.9104259865500832,3.755951041004132,0.9294189257142927,0.07827552208660082,0.6812412373755872,1.414973347970818,1.4771212547196624
498,2.539781567829254,0.9104259865500832,3.755951041004132,0.9834007381805383,0.07741333120145152,0.6857417386022636,1.4191293077419758,1.5409548089261327
499,2.519663954309405,0.9142108914013777,3.755951041004132,1.0314084642516241,0.0765494252309637,0.6901960800285137,1.423245873936808,1.5965970956264601
500,2.4985689855032085,0.9102908197419122,3.755951041004132,1.0746336182969043,0.07568379733817883,0.6946051989335688,1.4273237863572472,1.6459132750338443
501,2.4763968267253302,0.9063350418050907,3.755951041004132,1.1139433523068367,0.07481644064517472,0.6989700043360189,1.4313637641589874,1.6901960800285136
