,ph,coliformes,dbo,fosforo,od,solido,temperatura,turbidez
0,0.8701260457161879,6.17377207492728,1.3208149459535403,0.23684030281453436,0.35964257688132556,2.4658363701224713,1.349063398615847,1.8018337563741127
1,0.8694700711800489,6.202976815531827,1.302177891343595,0.23167685663561216,0.37314203278274655,2.4651022646700933,1.3497480307605814,1.80412283229296
2,0.8688131043365691,6.230340778321212,1.2827050571290612,0.22645128141943774,0.3862344954309117,2.4643669162283346,1.350431585333416,1.80639990620103
3,0.8681551421790288,6.25608231718691,1.2623179482784648,0.2211620638058831,0.3989437890713172,2.463630320580789,1.3511140657210938,1.808665103299288
4,0.8674961816870213,6.280383099898154,1.240926464361034,0.21580763445796053,0.41129170539174037,2.4628924734895583,1.3517954752944172,1.8109185468397786
5,0.8668362198263709,6.303395892360619,1.2184264926219697,0.21038636526666013,0.4232982283525164,2.46215337069511,1.3524758174083464,1.8131603581658664
6,0.8661752535490483,6.32525038183439,1.1946968427856701,0.20489656637911124,0.4349817287646731,2.4614130079161263,1.3531550954020997,1.8153906567514444
7,0.8655132797930865,6.346057603621028,1.1695952949851265,0.1993364830364962,0.44635913337289534,2.4606713808493557,1.3538333125992505,1.8176095602391409
8,0.8648502954824947,6.365913354792871,1.142953433875809,0.19370429220691057,0.45744607234986034,2.4599284851694643,1.3545104723078265,1.8198171844775537
9,0.8641862975271744,6.384900860987798,1.1145697921213351,0.1879980989970043,0.46825700842748696,2.4591843165288827,1.3551865778204053,1.822013643557545
10,0.8635212828228312,6.4030928841923185,1.0842005925153477,0.18221593282472942,0.4788053503420289,2.458438870557656,1.3558616324142105,1.8241990498476213
11,0.8628552482508889,6.420553406488734,1.0515470029738987,0.1763557433338534,0.4891035528254448,2.457692142863286,1.356535639351208,1.8263735140284292
12,0.8621881906784008,6.437338988186305,1.0162371988706855,0.17041539602904035,0.4991632050133799,2.4569441290305796,1.3572086018781997,1.8285371451263899
13,0.8541273565560571,6.309834738752911,1.2932975454332907,0.14805799379004955,0.5484255506244655,2.260492283978513,1.3282596491548917,1.7777252626281523
14,0.8590524768255423,6.566911860002427,1.021189299069938,0.20120197963871234,0.5652573434202137,2.447379553653527,1.3192548157701802,1.6607299938405793
15,0.8486289089093901,6.211054296949307,1.29162252714215,0.29212943642864975,0.37238590419964945,2.540686918829079,1.3452336581560347,1.5554751062851173
16,0.8750612633917001,5.690196966342878,1.335792101923193,0.2653289196389074,0.36921585741014284,2.478806902177288,1.3617278360175928,1.5133064834347603
17,0.8927750565456456,6.186394325866193,0.8129133566428556,0.17121435700949142,0.5622928644564746,2.3227360044699497,1.3569814009931311,1.2068258760318498
18,0.8927750565456456,6.062209007684098,0.730378468587643,0.13836191610359158,0.6568166380441689,2.2484330805730006,1.3581728818005498,1.1164416975393119
19,0.8927750565456456,5.887620675668334,0.6283889300503115,0.10281945950261517,0.47467184658738903,2.1587393203027556,1.359361102738486,1.0021660617565078
20,0.8431548847282547,5.591068504523592,0.49485002168009407,0.06410685500870421,0.48164100504786855,2.0455674451493766,1.3605460815961645,0.8466463285771175
21,0.8512583487190752,3.9031442704095385,0.3010299956639812,0.02160271602824219,0.48164100504786855,1.8920946026904804,1.3617278360175928,0.6020599913279624
22,0.8595052268682559,5.580421521711033,0.5740312677277188,0.02705499413522021,0.48164100504786855,1.9981866592365316,1.3564508029040356,0.990363524302897
23,0.8675984177611294,5.876861970425358,0.7403626894942439,0.032439670340180714,0.48164100504786855,2.0833831604753943,1.351108860007299,1.1920406037202622
24,0.8755435449314382,6.051412538734436,0.8603380065709937,0.037758400503130965,0.6857417386022637,2.1545761169178856,1.3457003905834422,1.329228332420805
25,0.8747205066210577,5.935222714778292,1.2867469765717003,0.15965564244716068,0.4741305283180253,2.4758420358804893,1.3412599104304137,1.8291144965229937
26,0.8827142276202256,6.518514071482256,1.568201724066995,0.24927990738325995,0.3862016054007935,2.406540180433955,1.3741370939994129,1.5254855585504665
27,0.869964706372319,6.1375273604889555,1.105510184769974,0.23796764689483563,0.6238950815680522,2.3869446243705745,1.3581728818005498,1.4834089785587095
28,0.8944743044358351,6.183744507756481,1.4173530497161726,0.3109965906251708,0.21104422204479553,2.432969290874406,1.353559046940166,1.7822678165784758
29,0.8466463285771175,6.362143301677991,1.295567099962479,0.24179543129519873,0.3891660843645325,2.2168254232660476,1.3222192947339193,1.423245873936808
30,0.8603380065709937,6.342422878228744,0.8129133566428556,0.1598678470925666,0.13193929521042452,2.3170181010481117,1.380211241711606,1.7481880270062005
31,0.8466463285771175,6.000038071480804,1.1613680022349748,0.2933072974453994,0.5108799847561177,2.3258234190027447,1.3374592612906562,1.7671558660821804
32,0.8492146062090891,6.209972218736413,1.100370545117563,0.25287190121780734,0.5380428284709216,2.283954189939689,1.3375701780277942,1.7108880075315978
33,0.8517677851198983,6.3508922048273355,1.0293837776852097,0.20828157213387766,0.5636063192361205,2.237613545816968,1.3376810664445598,1.6462294070267487
34,0.8543060418010806,6.457116096969095,0.9444826721501687,0.15858360428446674,0.587748370340144,2.1857309785451338,1.3377919265554115,1.5702315060342718
35,0.8568295496675847,6.542397445070545,0.8388490907372553,0.10245466901292985,0.6106187659457402,2.1267985956607784,1.3379027583747964,1.4780531830046881
36,0.8593384791288671,6.613649581425328,0.6989700043360189,0.03797952804451887,0.6323447952324301,2.0585947152658473,1.3380135619171512,1.360887807744277
37,0.8765065042658811,6.362143301677991,1.1972805581256194,0.18775566511154826,0.4146948648051981,2.356503891894005,1.3617278360175928,1.5423066185330054
38,0.893484346218486,5.995095830168004,1.1995723549052042,0.1647245241698965,0.44664070610903783,2.3844131561393755,1.335792101923193,1.4743376941013446
39,0.8603380065709937,5.954332495583722,1.0791812460476249,0.2580782937026509,0.3999620019309882,2.3956175727530065,1.3617278360175928,1.5554751062851173
40,0.8745345265388906,6.267262803317101,1.0791812460476249,0.10021384496002549,0.5881188490422282,2.3641244218181514,1.3685404381730695,1.6048149270484602
41,0.8641719209615739,6.215725928834048,1.2787536009528289,0.28022053810926967,0.26245108973042947,2.496929648073215,1.380211241711606,1.6091368557340087
42,0.8644747551429424,6.278073591194628,1.2450592017555335,0.26257215417575486,0.30965189029607476,2.4771655682222673,1.3765024703944817,1.6111595144126103
43,0.8647773783047261,6.3325839458384685,1.2085291015609798,0.24417610446553745,0.3522219081147365,2.4564589933124603,1.3727617540559967,1.613172796527524
44,0.8650797907408041,6.381009134072602,1.1686417714000719,0.22496622667143126,0.39098914735503887,2.4347155123264006,1.3689885376028577,1.615176788612783
45,0.8653819927444413,6.4245723579972625,1.1247171012465602,0.20486716804501998,0.42657764694738615,2.411825776895639,1.3651822513464864,1.6171715760100185
46,0.8656839846082913,6.4641614511436645,1.0758447803528752,0.1837926002441337,0.4594694180345109,2.387662173897919,1.3613423104868139,1.6191572428902663
47,0.8659857666243975,6.500441275818649,1.020767038966762,0.1616429785245177,0.4900445209272266,2.362074516628235,1.3574681145730463,1.6211338722752795
48,0.8662873390841949,6.533922652493514,0.9576756852777188,0.13830269816628143,0.5186079328404669,2.3348843852783348,1.353559046940166,1.6231015460583558
49,0.8512583487190752,4.81365436546127,0.5440680443502757,0.05595140532914999,0.6532125137753437,2.0472748673841794,1.3324384599156054,1.212187604403958
50,0.8692317197309762,6.219435232877108,1.135662602000073,0.4791672627139949,0.3873898263387293,2.4195427247002796,1.3457003905834422,1.5554751062851173
51,0.8864907251724818,6.569377148277004,1.3180633349627615,0.26576091671761054,0.6151079874431941,2.5917322389518356,1.3579348470004537,1.5553363279952668
52,0.8672710189654482,5.777433202628656,0.7146091386431939,0.1450927682466329,0.24303804868629442,2.207275223699358,1.3391200452721206,1.3541084391474008
53,0.884795363948981,5.9939517134483635,1.1172712956557642,0.30792370361188165,0.30556631351530394,2.4794313371977363,1.3654879848908996,1.6221103603612195
54,0.8912586169041391,5.694241306617742,1.323252100171687,0.41262852054437527,0.4083247801704149,2.4782778319196046,1.3443922736851108,1.5433850448098432
55,0.8976270912904414,3.477265995424853,1.462397997898956,0.49692964807321494,0.4913616938342727,2.4771212547196626,1.3222192947339193,1.4471580313422192
56,0.8919089670894906,5.668813830697873,1.4039779636693548,0.44906679438754354,0.5120614965358852,2.4354196280709752,1.3287192940950103,1.4510184521554574
57,0.8861145497640315,5.968444542148036,1.3364597338485296,0.3952681336981584,0.5318194066574247,2.3892842436583925,1.3351234420807068,1.4548448600085102
58,0.8802417758954804,6.144068369457443,1.2564772062416767,0.33385014510254507,0.5507174234692828,2.3376588910261424,1.34143452457814,1.4586378490256493
59,0.8742884972057766,6.268773201395599,1.1583624920952498,0.2622928479790328,0.5688272833856719,2.279058262124147,1.3476552077558832,1.462397997898956
60,0.8682524758394259,6.365542811108408,1.0314084642516241,0.1765735405954193,0.5862121042320871,2.2112985672830483,1.353788044826781,1.4661258704181992
61,0.8933540613346945,6.420509574785674,0.5228787452803376,0.05050864615167617,0.48192013760143115,1.9173304261065538,1.2937307569224819,1.1049421081920463
62,0.8597385661971468,5.959643313346632,1.3067823245530725,0.25871707959741136,0.5569454238778984,2.2385478876813276,1.3528254412219736,1.7032913781186614
63,0.8777551677965714,6.003590902720909,1.2304489213782739,0.1957151994517346,0.4560622244549515,2.1968207439144254,1.3317646126401497,1.4285667129921897
64,0.8820816062674268,5.726999542237652,1.3638208255234368,0.41883508273557235,0.3538948691987137,2.416455583136252,1.3638208255234368,1.6700395863963435
65,0.8715729355458788,6.1072281214207,1.3263358609287514,0.10380372095595687,0.5563025007672873,2.3230457354817013,1.3502480183341627,1.8469553250198238
66,0.8930215923314396,6.556302621404627,1.4682117907957064,0.4265112613645752,0.18374422328420673,2.4480926044213067,1.3222192947339193,1.847983728251745
67,0.8471612005780302,6.213126671657251,0.8653014261025438,0.10209052551183669,0.675167089663394,2.12057393120585,1.3564068715920015,1.0492180226701817
68,0.8613352388849425,6.2131297290691485,0.8553172051959428,0.08591462870659322,0.6728672017718137,2.0971994461956456,1.2632414347745813,1.0417215715669024
69,0.8750612633917001,6.213132786459522,0.8450980400142568,0.06911285138712082,0.6705550695214363,2.0724949847994227,1.2710667722865379,1.0340934464167255
70,0.8883667301712372,6.213135843828373,0.8346326063360919,0.05163480398711938,0.6682305618387985,2.046300019652969,1.2787536009528289,1.026328938722349
71,0.9012766462284751,6.2131389011757,0.8239087409443188,0.03342375548694973,0.6658935455344326,2.018423082826786,1.2863067388432747,1.018423082826786
72,0.8756399370041683,6.098873596888143,1.1583624920952498,0.08439751914114932,0.6106601630898799,2.255995726722402,1.3560258571931227,1.1878026387184195
73,0.8900384193613529,6.049973751745208,1.2714747521022651,0.1844672788219631,0.5433490676940914,2.28413378034105,1.33824674016807,1.3974826158104825
74,0.8700693178342009,6.362143301677991,1.6349089029428938,0.24674470972384138,0.4651703266181908,2.339593390803342,1.369745808033441,1.5250448070368452
75,0.8855496750060046,6.412896764835505,1.3424226808222062,0.2521448045274672,0.5322233916639686,2.387241476386167,1.3473300153169503,1.6435349214408699
76,0.8994557023368495,5.942016862906732,1.0731070983354316,0.1543225142935096,0.4226992477074338,2.2863067388432747,1.3921104650113139,1.641143471369817
77,0.9012766462284751,6.36172802484124,1.7609248484091329,0.2773035345575962,0.10494210819204633,2.6503075231319366,1.3679767852945943,1.420505836570779
78,0.9012766462284751,6.36172802484124,1.4573771965239053,0.251232527301566,0.25446751046707633,2.5193904174345163,1.414973347970818,1.8303747831935504
79,0.8822398480188234,6.361755875430053,0.9542425094393249,0.0881360887005513,0.45101845215545733,2.2993983300681498,1.4065401804339552,1.6520044615863756
80,0.8864907251724818,6.362143301677991,1.3222192947339193,0.3222192947339193,0.2304489213782739,2.3636119798921444,1.4065401804339552,1.3979400086720377
81,0.8829512232506107,6.362143301677991,1.3521825181113625,0.39199307225971286,0.14690286992819898,2.3196264841556395,1.3979400086720377,1.5468510017813941
82,0.8793826371743426,6.423246037821487,1.380211241711606,0.4520932490177314,0.04336227802112949,2.2706788361447066,1.3891660843645326,1.6575338875579861
83,0.8838979145942023,6.178581540194228,1.1856365769619117,0.30377185396741646,0.07402365403665949,2.1046577910087962,1.3307518772836697,1.4341695527583322
84,0.8883667301712372,5.564962592833681,0.8239087409443188,0.07676177192421194,0.1026623418971477,1.8325089127062364,1.2632414347745813,0.9493900066449127
85,0.8836614351536176,6.275282746226539,0.7269987279362623,0.03509605051396145,0.6499835436451452,2.2013971243204513,1.3424226808222062,1.0718820073061253
86,0.9024863809435578,5.302064554781389,1.4131134115866941,0.320146286111054,0.31656937242347905,2.4538277764478607,1.3446105669703818,1.7728919143211639
87,0.8603380065709937,6.362143301677991,1.1856365769619117,0.34521030836265265,0.6001012556913907,2.520920009643766,1.3324384599156054,1.656577291396114
88,0.8808135922807913,5.970074775727287,1.3617278360175928,0.05050864615167617,0.6901960800285137,1.9030899869919435,1.3862016054007935,1.0128372247051722
89,0.8740950906196796,5.954242991988481,1.44973545423003,0.22444673033626497,0.0773679052841565,2.510768355278083,1.3187587626244128,1.5554751062851173
90,0.8750612633917001,6.182600944112634,1.403692337561129,0.29446622616159296,0.07918124604762482,2.4899584794248346,1.3741370939994129,1.486666572625893
91,0.876025291494317,6.6566889390869814,1.3612030087852593,0.2613620114665694,0.1792963989308926,2.4349678884278125,1.3669415178629893,1.4545484566066356
92,0.8769871844277385,6.609843070318701,1.3141014045117398,0.22552465216514062,0.26060133860837303,2.371990911464915,1.3596247109298285,1.419863999364688
93,0.8779469516291882,6.55732622822077,1.2612628687924936,0.1864618958945105,0.32905871926422464,2.298307137328508,1.3521825181113625,1.382167187600358
94,0.8789046024734604,6.49757383459379,1.2010935280257369,0.14353522509995842,0.3881801713828813,2.2095150145426308,1.3446105669703818,1.3408845758128662
95,0.8798601462734688,6.428268626854138,1.131226460447347,0.09589547512858536,0.4402091713868914,2.0977777345392834,1.3369042522925607,1.2952615814962012
96,0.8808135922807914,6.345763930075123,1.0479235523171828,0.04237859813987616,0.4866665726258928,1.9469432706978254,1.3290587192642247,1.2442771208018428
97,0.8849211734753253,6.227506440570185,1.2943437344157793,0.11851272903629863,0.41001358548657857,2.210035974484,1.3346770962224017,1.4421748022692191
98,0.8889902686586846,6.064477007913651,1.450591207180613,0.1832698436828046,0.3168685763498181,2.372707484726674,1.3402237167222681,1.5776194396564844
99,0.8653014261025438,6.261372321005493,0.8750612633917001,0.23320770332296709,0.5273720828276118,2.3664229572259727,1.3771847870814182,1.693140460675295
100,0.876025291494317,6.362143301677991,1.6038657921912247,0.293178336476699,0.09429639740536971,2.4705574852172743,1.3391200452721206,1.7441625447730238
101,0.8450980400142568,6.000019253295253,0.6020599913279624,0.0638335542064702,0.7132104434506291,1.9882615967287558,1.3979400086720377,1.1049421081920463
102,0.8957907482504441,5.778182916535135,1.0851716097368123,0.1427543537803805,0.5013331786455661,2.305351369446624,1.348953547981164,1.5869621812439336
103,0.8891460134987625,6.1727532470663835,1.066532978754233,0.13480552584945663,0.5114599959646561,2.279134394034571,1.346570284678792,1.5312375752845004
104,0.882398032133449,6.376026709086733,1.0470584235810931,0.12670849494015832,0.5213560483168439,2.251232527301566,1.3441738706219697,1.4672956102507602
105,0.8755435449314382,6.513944079005348,1.0266694283375186,0.11845762950794468,0.5310316189267458,2.2214142378423385,1.3417641598743475,1.3922864946625395
106,0.8685791358637798,6.618459088359476,1.0052758675336733,0.11004697079291072,0.5404963186200111,2.1893967258352185,1.339341004056792,1.3015604759143735
107,0.8615012218725937,6.182600944112634,0.9827735980254894,0.10147020696823386,0.5497591431974058,2.1548295715395547,1.3369042522925607,1.186736654037646
108,0.8543060418010806,6.362143301677991,0.9590413923210935,0.09272064468409917,0.5588285248170117,2.1172712956557644,1.334453751150931,1.0301947853567512
109,0.8537995758755733,6.57581979161639,1.214402267448492,0.2849568326149766,0.5012647157334825,2.187520720836463,1.3145693943004555,1.2837157217549195
110,0.8532925186295284,6.204141289706259,1.3741370939994129,0.41774840202559005,0.43488812086731593,2.2479732663618064,1.2937307569224819,1.4427409988358757
111,0.8800987040833141,6.176807543469578,1.4661258704181992,0.24873935313992754,0.4823971222533358,2.6352323462394964,1.344883279369863,1.576916955965207
112,0.8731267636145004,6.362143301677991,1.3771847870814182,0.31140063250281036,0.5707763687947482,2.3401134757058357,1.3617278360175928,1.3082085802911045
113,0.8723505444947233,6.362143301677991,1.4533183400470377,0.3626081204867255,0.5115625327333778,2.3674801649066843,1.3579348470004537,1.3176455432211585
114,0.8715729355458788,6.362143301677991,1.518075036877517,0.4084095784684297,0.44298119152673415,2.3932241163612975,1.354108439147401,1.3268818000099503
115,0.8707939317820288,6.362143301677991,1.574417135795665,0.4498382336606134,0.36150118846165996,2.4175270490738545,1.3502480183341627,1.3359257104404454
116,0.8700135281903574,6.362143301677991,1.6242820958356683,0.4876567673027137,0.26112006356890066,2.4405417696077123,1.3463529744506386,1.3447851226326606
117,0.8692317197309762,6.362143301677991,1.6690067809585756,0.5224442335063199,0.13033376849500614,2.462397997898956,1.3424226808222062,1.3534674139654819
118,0.8789046024734604,6.362143301677991,1.520701826026063,0.3976503824646358,0.3664229572259727,2.45484486000851,1.3741370939994129,1.3999620019309882
119,0.8883667301712372,6.362143301677991,1.2937307569224819,0.22184874961635634,0.5185139398778874,2.4471580313422194,1.403692337561129,1.4419568376564116
120,0.875704186502311,6.362143301677991,1.1760912590556813,0.19420589408405897,0.605484617978236,2.344064627889183,1.3792047650574255,1.3394514413064407
121,0.8626613299363355,6.489825640895772,1.0142404391146103,0.16468324338645182,0.6779109740713078,2.2086204838826013,1.353253528473888,1.2050238216541693
122,0.849214606209089,5.801802830494761,0.7533276666586115,0.133006358356333,0.48164100504786855,2.010723865391773,1.3256524705723132,1.0093092241347714
123,0.8481891169913988,6.060753099237232,0.8750612633917001,0.12029966881473106,0.644356515484432,1.948983173376845,1.3473300153169503,0.9945371042984978
124,0.8471612005780302,6.221860214839339,0.9700367766225568,0.10720996964786837,0.5215739035919933,1.8769871844277384,1.3679767852945943,0.9792447784093805
125,0.8659589500463154,6.433690463097857,1.4295728565411063,0.17399516132986237,0.6457905756455713,2.2833012287035497,1.3564068715920015,1.333783025949038
126,0.8715080719087029,6.390449772965431,1.3543219041219139,0.2316536225166446,0.489870627804852,2.376576957056512,1.302234696802352,1.6762362167633116
127,0.8769871844277385,6.342422878228744,1.2632414347745813,0.282546589969968,0.24427712080184286,2.4533183400470375,1.3424226808222062,1.519681416350328
128,0.8836614351536176,6.414973515007125,1.4771212547196624,0.3528254412219734,0.17391433980140666,2.5422027824340283,1.3648635498704513,1.7377225933280354
129,0.8902346663063565,6.477121399484465,1.6197887582883939,0.4132997640812518,0.08990511143939793,2.615950051656401,1.3862016054007935,1.5563025007672873
130,0.8769871844277384,6.362143301677991,1.5740312677277188,0.27837247369545676,0.09950799372796502,2.5516532717804257,1.3187587626244128,1.5254855585504665
131,0.8750612633917001,6.301044218575365,1.2130748253088512,0.30874222092581194,0.4437322414015968,2.2806542362922633,1.4093694704528195,1.7082792284707902
132,0.8553172051959429,6.221886705295436,0.7781512503836436,0.05690485133647255,0.48164100504786855,2.12057393120585,1.420505836570779,1.2937307569224819
133,0.8702087605972879,6.362143301677991,1.3862016054007935,0.3640817414110702,0.15381486434452904,2.6893088591236203,1.355387657986574,1.5554751062851173
134,0.8925583448401535,6.182600944112634,1.630088714928206,0.47310943110256154,0.12139568070722337,2.61857102812013,1.3679767852945943,1.7757317762602307
135,0.9138138523837167,6.659599407537716,1.7853298350107671,0.47310943110256154,0.08635983067474821,2.534026106056135,1.380211241711606,1.4913616938342726
136,0.893484346218486,6.612783962645206,1.6957005197711714,0.47074115808188677,0.1947917577219246,2.634351296416004,1.3399480616943509,1.519681416350328
137,0.8711836083284983,6.041393079971211,1.7160033436347992,0.36455099535397195,0.49692964807321494,2.6155993899644367,1.3862016054007935,1.70472233322511
138,0.8808135922807913,6.221961912013921,0.7533276666586115,0.11947584090679779,0.6627578316815741,1.9155756985400032,1.2632414347745813,0.9411800366000831
139,0.8769871844277385,6.221869160977342,0.6690067809585756,0.21040770649497195,0.5603052432209612,1.9837765880368854,1.2863067388432747,1.0360963453482765
140,0.8731267636145004,6.301058929569988,0.7337321105952308,0.1724569744005872,0.5984257066728683,1.9800033715837464,1.3290587192642247,1.0407341642103662
141,0.8692317197309762,6.368011806630365,0.7900504736833514,0.13086960382751237,0.6334684555795866,1.9761970853273751,1.3679767852945943,1.0453229787866574
142,0.8532925186295284,5.97009912442617,0.8450980400142568,0.18089014193744996,0.6056641155967877,1.8239087409443189,1.3679767852945943,1.187520720836463
143,0.86307490437184,6.623259708170343,1.2461291256634364,0.2929940400674392,0.5217916496391234,2.1346020532876793,1.3640817414110702,1.3922571613416743
144,0.8726417892682871,6.362143301677991,1.4510184521554574,0.3820170425748684,0.4177484020255901,2.3138672203691533,1.3601514477826377,1.5308397786165204
145,0.8820024637648107,6.362143301677991,1.589670402034894,0.4558595672035357,0.2806542362922631,2.440384254832884,1.3561852605650364,1.6357350019459602
146,0.8911656301824684,6.362143301677991,1.6946051989335686,0.5189523997656129,0.07918124604762482,2.538238500689552,1.3521825181113625,1.7201593034059568
147,0.8750612633917001,6.522880439025514,1.4573771965239053,0.2652110276374859,0.6265969667809729,2.383815365980431,1.358569316772763,1.4071075149129415
148,0.8994557023368495,6.113943686379387,1.6532125137753437,0.4082399653118495,0.4804868850677715,2.470802365112064,1.3979400086720377,1.66149717917983
149,0.8911656301824685,6.685747499308731,1.5196092607154903,0.33665982345442,0.449478399187365,2.4024046903199974,1.3664229572259727,1.585742647390457
150,0.8827142276202256,6.362143301677991,1.3256524705723132,0.25090769970085597,0.6655809910179531,2.321184027302314,1.3324384599156054,1.4939225371163662
151,0.8692317197309762,6.544074372595192,1.0142404391146103,0.056904851336472634,0.6812412373755873,2.012837224705172,1.355387657986574,1.0320812676114406
152,0.849214606209089,6.060722386739328,1.0142404391146103,0.06744284277638066,0.5835765856339492,2.0225658278987413,1.3010299956639813,1.1692824715034071
153,0.9030899869919435,6.362143301677991,1.5984257066728682,0.4477263782558747,0.4804868850677715,2.655138434811382,1.335792101923193,1.3979400086720377
154,0.8920946026904804,6.397941398412156,0.6020599913279624,0.06520612805431189,0.5759571887637573,2.444801061525613,1.355387657986574,0.9493900066449127
155,0.8711836083284983,6.362143301677991,0.9700367766225568,0.04349326715857349,0.5051499783199059,1.9208187539523751,1.3679767852945943,1.0334237554869496
156,0.882398032133449,6.362143301677991,1.251232527301566,0.26545987322870174,0.428674625648206,2.210407706494972,1.358569316772763,1.2692534315230697
157,0.8933301497027873,6.594762261573143,1.420505836570779,0.4116384090265566,0.3357921019231931,2.3826173114774845,1.348953547981164,1.4212382051792476
158,0.9039938259901881,6.217484207422603,1.5419950357274104,0.5208109315364732,0.21748394421390624,2.5056021329488827,1.3391200452721206,1.5336026106721106
159,0.8716702128409216,6.317023124184154,1.3374592612906562,0.3390371567363402,0.4925275857610628,2.3138672203691533,1.313515707212041,1.3381243371969007
160,0.8927750565456456,6.3979481733315495,0.9378520932511556,0.020499395061625295,0.6595993124367443,1.9622114391106003,1.2863067388432747,0.9731278535996987
161,0.8896129131838363,6.58733684682478,1.568201724066995,0.3550682063488507,0.24715461488112658,2.5109915855486893,1.3575113516164294,1.5328958660378615
162,0.8927750565456456,6.3979427012894785,0.9208187539523751,0.0869527242574843,0.47467184658738903,2.194976603216055,1.3862016054007935,0.9461246192171453
163,0.8653014261025438,6.060726162983225,0.9700367766225568,0.028706779135173797,0.4913616938342727,1.9225524667613758,1.2787536009528289,1.2496059543069098
164,0.8672710189654482,6.564271825251549,1.3046341199328064,0.329736774799155,0.3101620652044531,2.3103392197987525,1.3256524705723132,1.3085644135612389
165,0.8618329976579449,6.397219938101315,1.1784973288215597,0.2250938044295034,0.5102656672485647,2.205925783519187,1.3391200452721206,1.2163858539148542
166,0.856326019777088,6.122231201222908,1.0,0.0869527242574843,0.6467303862474234,2.0681858617461617,1.3521825181113625,1.0992200954861304
167,0.8789046024734604,6.258283735911977,1.4313637641589874,0.18492791025818348,0.44973545423002986,2.3324384599156054,1.3324384599156054,1.1770552871582982
168,0.9003671286564703,6.36172802484124,1.6434526764861874,0.26481782300953643,0.07918124604762482,2.4955443375464483,1.3117538610557542,1.2430380486862944
169,0.8985007979720488,6.428138764240047,1.6421046325215862,0.3551117817747542,0.39093510710337914,2.4306320125420564,1.3301369469410695,1.4028863791186217
170,0.8966264123179852,6.48572823889061,1.6407523912156068,0.4298256591496474,0.5705429398818975,2.354283100111711,1.3477733992063075,1.5194700095692397
171,0.8960416163513275,6.523750671039193,1.6293684064173135,0.3694267106851023,0.4538277764478606,2.413587606201473,1.3470834951979946,1.5313885909125542
172,0.8954560318701739,6.558710570042752,1.6176779668579095,0.2992496924024803,0.29373075692248174,2.4657582724378093,1.3463924934899218,1.5429888018656785
173,0.8948696567452525,6.591064718384044,1.6056641155967877,0.2155053782318184,0.03742649794062367,2.5123285629470296,1.3457003905834422,1.5542872095319618
174,0.9030899869919435,6.454847831486905,1.591064607026499,0.515873843711679,0.4953130222377027,2.503790683057181,1.3010299956639813,1.255272505103306
175,0.8702087605972879,6.255281673445592,1.1760912590556813,0.04270673905605628,0.7132104434506291,2.263636068588108,1.3290587192642247,1.538028848509809
176,0.9048957878552061,6.6020980989968,1.2041199826559248,0.0904931880111821,0.5670263661590604,2.01424043911461,1.3290587192642247,0.9882615967287558
177,0.8965787033778183,6.511908432409697,1.2041199826559248,0.12933688834250873,0.5890182381510369,2.0922526548953835,1.347097585832193,1.2503038031157183
178,0.8880992250923126,6.397944221308081,1.2041199826559248,0.16498980698426763,0.6099499511868729,2.1583624920952498,1.364416974528374,1.4125805348549276
179,0.8894795644856175,6.516871986891205,1.394062353608836,0.270863610858991,0.5974392130832329,2.3381243371969007,1.3682721232739483,1.489969633914604
180,0.8908555305749319,6.610135073285229,1.5257644335178258,0.3559195557651283,0.5845573605256749,2.464886798302651,1.3720933514894267,1.5556317755653943
181,0.8928672313979138,6.58780957719901,1.506655333317223,0.34800722500025444,0.6623800200162476,2.4423490952310862,1.3494933796005812,1.4553102284521366
182,0.8948696567452525,6.564273917754382,1.486666572625893,0.3399480616943509,0.47467184658738903,2.4185774722396434,1.3256524705723132,1.3246253644997976
183,0.9026373611230388,6.355391234514639,1.5835765856339492,0.3114889665785555,0.6671025741037824,2.458511948319766,1.3117538610557542,1.1981987286196298
184,0.9102685716190669,5.937860277954651,1.662757831681574,0.28103336724772754,0.5957717020009405,2.495081583659402,1.2973957110088872,1.0191162904470727
185,0.9071425310031405,6.26717704945596,1.48311161840885,0.28630673884327484,0.5359267413955693,2.424200817426108,1.3222192947339193,1.1142216570147927
186,0.9039938259901881,6.452302116103638,1.1712387562612692,0.291516846527952,0.4664969037444008,2.3394514413064407,1.3457003905834422,1.1921956258464497
187,0.8920946026904804,6.467362848625872,1.4121804477866478,0.3479801568783408,0.6074550232146685,2.2620553771910674,1.3391200452721206,1.3941597181383105
188,0.8846065812979305,6.362143301677991,1.2471546148811266,0.16036847479284821,0.6197887582883939,2.0556331242728354,1.335792101923193,0.8217318216900442
189,0.8894884556727671,6.362143301677991,1.432434774521513,0.23838069057362146,0.550635949970891,2.1899579507445543,1.335792101923193,0.9959275503688753
190,0.8943160626844385,6.182600944112634,1.5618960672777495,0.3044905277734877,0.46834733041215726,2.2924037654513882,1.335792101923193,1.1199154102579911
191,0.8990905955630104,6.643452933114669,1.66149717917983,0.36185370023580565,0.36673416790349866,2.3752367289481646,1.335792101923193,1.2162538963055227
192,0.9038132086110395,6.56820193534534,1.7424632714945922,0.4125165456870054,0.23384186427561332,2.4447732162094398,1.335792101923193,1.2950537061049519
193,0.9084850188786499,6.477121399484465,1.8106804752105636,0.4578818967339924,0.04139268515822507,2.504697352451001,1.335792101923193,1.3617278360175928
194,0.9012766462284751,6.230449176845541,1.6751670896633941,0.3547485195608393,0.04139268515822507,2.484774218948188,1.335792101923193,1.591064607026499
195,0.9009736852940384,6.674409487611169,1.5797835966168101,0.34949337960058124,0.3979400086720376,2.453997455872525,1.324511091513504,1.5377491547426771
196,0.9006705128685306,6.362143301677991,1.4573771965239053,0.3441738706219696,0.5910646070264992,2.4208721752529,1.312929218963689,1.4769603751171918
197,0.8931758984200777,6.362143301677991,1.2325726150081295,0.24020245078600896,0.6393204428196494,2.3100439219823143,1.332999201739023,1.2799583020911995
198,0.8855496750060046,6.51200484621888,0.7403626894942439,0.10323340638692918,0.6827465923729042,2.160868526065023,1.3521825181113625,0.9093777108309907
199,0.8869604866914078,6.311851804601412,0.9582452518929987,0.11947584090679779,0.6507930396519307,2.0937134517045513,1.3664229572259727,1.1103090676517426
200,0.8883667301712372,5.929426845129698,1.1026623418971477,0.13513265137677483,0.6163004304425725,2.01424043911461,1.380211241711606,1.2471546148811266
201,0.8789046024734604,6.17610312960929,0.7533276666586115,0.12872228433842678,0.48164100504786855,2.2013971243204513,1.335792101923193,0.8061799739838871
202,0.9066941112607688,6.36172802484124,1.194976603216055,0.47310943110256154,0.04139268515822507,2.4318995994914934,1.420505836570779,1.403692337561129
203,0.8855496750060046,6.59476807664351,1.5622928644564746,0.416640507338281,0.640978057358332,2.4419568376564116,1.3256524705723132,1.433236302553215
204,0.9102685716190669,6.113943686379387,1.5642714304385625,0.4756711883244297,0.04139268515822507,2.435100801812753,1.3979400086720377,1.5357159699855099
205,0.8985423592412229,6.477140942289927,1.4960065988800362,0.3580872043014036,0.3496659840966297,2.350571033954783,1.376576957056512,1.4097077499573196
206,0.8864907251724818,6.6721228984488326,1.414973347970818,0.19634202013976854,0.5281450782531064,2.24551266781415,1.354108439147401,1.2314695904306814
207,0.8692317197309762,6.6020757342175935,0.5642714304385625,0.3215293907256065,0.48164100504786855,2.103803720955957,1.380211241711606,0.8846065812979305
208,0.8920946026904804,6.362143301677991,1.358569316772763,0.23481244944213406,0.585742647390457,2.2695129442179165,1.3117538610557542,1.3891660843645326
209,0.9084850188786497,6.182600944112634,1.7242758696007892,0.5237464668115644,0.5618464421297891,2.3891660843645326,1.2787536009528289,1.255272505103306
210,0.8750612633916999,6.230452114708313,1.6467303862474234,0.28879553924696955,0.5365584425715302,2.361937589454128,1.3380135619171512,1.3408845758128662
211,0.8916303648248929,6.575958543529829,1.745595216427921,0.28631921839046337,0.5135505203463374,2.345155820628825,1.3318769931510377,1.3972639134897193
212,0.90759048821862,6.362143301677991,1.4421967571858085,0.2838286966912349,0.4892551683692605,2.3276994240014997,1.3256524705723132,1.4471580313422192
213,0.849214606209089,6.6020619456487335,0.8239087409443188,0.16977236944808274,0.6467303862474234,2.075546961392531,1.335792101923193,0.9700367766225568
214,0.8808135922807914,5.70758919380591,1.4522976709946303,0.33411851803362697,0.667452952889954,2.408805085081769,1.358569316772763,1.4316317644648713
215,0.8939466075520738,6.643452775189467,1.5797835966168101,0.47310943110256154,0.04139268515822507,2.4480926044213067,1.3679767852945943,1.3679767852945943
216,0.9003671286564703,6.392129655708331,1.423245873936808,0.21085336531489318,0.6744018128452818,2.346352974450639,1.4022613824546801,1.2702905531667608
217,0.8939466075520739,6.362143301677991,1.490192663567421,0.26638851000876734,0.6516413896840231,2.3839648906787247,1.3625138895930922,1.1338049386890434
218,0.8874297406343096,6.362143301677991,1.5481846105451078,0.3156205311150862,0.6276218509897135,2.4185774722396434,1.3187587626244128,0.9336559786575473
219,0.8827142276202256,6.182600944112634,1.4561128739951457,0.32273600446994977,0.6492131223464105,2.3881308169329274,1.3010299956639813,1.0983552538822372
220,0.8779469516291882,6.0827929075932925,1.3391200452721206,0.329736774799155,0.6697816152085366,2.355387657986574,1.282546589969968,1.2174839442139063
221,0.8864907251724818,6.381117157372886,1.3521825181113625,0.3336151826689186,0.6103939697123135,2.389018340024988,1.282546589969968,1.2388820889151368
222,0.8948696567452525,6.556302742041932,1.3648635498704516,0.3374592612906561,0.541579243946581,2.4202308796246506,1.282546589969968,1.25927524755698
223,0.8902346663063565,6.332439335236935,1.3787006506863675,0.3346212707217267,0.5449976797003975,2.374137093999413,1.3010299956639813,1.218579265051509
224,0.8855496750060046,5.8451021761324835,1.3921104650113139,0.3317646126401496,0.5483894181329182,2.322563836189438,1.3187587626244128,1.1736717849322682
225,0.8957907482504441,5.973904422806009,1.4177484020255902,0.2816014438256552,0.5846138761717827,2.3696795995598157,1.3505710339547832,1.202079441007388
226,0.9057958803678685,6.073116151140138,1.4419568376564116,0.22487822016997436,0.6180480967120927,2.412180447786648,1.380211241711606,1.2287424575642567
227,0.9028960622368111,6.099711612793385,1.553420642270249,0.3010816943107779,0.5731518051111011,2.512598641648776,1.3752280126386058,1.3774233448912634
228,0.8999767515678005,6.124771968556224,1.6420403354629296,0.36588893381788873,0.5230733853906316,2.5941030294834624,1.3701869400997113,1.4879796078362553
229,0.901536158923322,6.12116114167673,1.6476623490125806,0.47872105795928166,0.5226952545436749,2.5451450580382797,1.401851670648913,1.3197255420295717
230,0.9030899869919435,6.117520041655981,1.6532125137753437,0.47310943110256154,0.5223167941794136,2.4899584794248346,1.4313637641589874,1.041392685158225
231,0.9039938259901881,6.113848156579558,1.632625982993566,0.5026546780100232,0.5219380037230391,2.4739733021220007,1.414973347970818,1.1409268419924303
232,0.904895787855206,6.110144961437649,1.6110148339808887,0.4254255245943289,0.5215588825982381,2.4573771965239053,1.3979400086720377,1.2218487496163564
233,0.9057958803678685,6.106409917674534,1.588271706842329,0.33142729652074304,0.5211794302271864,2.4401216031878037,1.380211241711606,1.290034611362518
234,0.9066941112607688,6.102642472718547,1.5642714304385625,0.21129856728304813,0.5207996460305439,2.4221519325979415,1.3617278360175928,1.348953547981164
235,0.8920946026904804,6.098842059491459,1.4313637641589874,0.08635983067474821,0.5204195294274488,2.4756711883244296,1.3571967844843544,1.041392685158225
236,0.8893017025063104,6.095008095896203,1.7075701760979363,0.32939787936104264,0.520039079835514,2.4668676203541096,1.3222192947339193,1.0791812460476249
237,0.8962505624616381,6.091139984281796,1.5378190950732742,0.40440605092126936,0.5196582966708193,2.4701899062855524,1.3374592612906562,1.146128035678238
238,0.9030899869919435,6.087237110884209,1.255272505103306,0.46834733041215726,0.5192771793479077,2.4734869700645685,1.3521825181113625,1.2041199826559248
239,0.9093777108309907,6.083298845241886,1.1903316981702914,0.33712634101225775,0.5188957272797797,2.365643953462123,1.3204924754334133,1.1613680022349748
240,0.9155756985400033,6.07932453958452,1.1139433523068367,0.14819119624201144,0.5185139398778875,2.221848749616356,1.2863067388432747,1.1139433523068367
241,0.8976270912904414,6.176091548585239,1.7160033436347992,0.4242280706959799,0.21351775699630487,2.590618948206578,1.428134794028789,1.526339277389844
242,0.8573324964312685,6.151778845551619,1.4682117907957064,0.31806333496276157,0.28869626059025577,2.6053050461411096,1.3222192947339193,1.3222192947339193
243,0.8769871844277385,6.126023930171235,1.8177122395246244,0.37065698761298854,0.35276119172383086,2.586399744970328,1.3391200452721206,1.3335592204909013
244,0.8957907482504441,6.098644850482586,1.6068588742097312,0.41756394906809097,0.4085791254086675,2.566633872249017,1.355387657986574,1.3446105669703818
245,0.9030899869919435,6.041393079971211,1.4771212547196624,0.4082399653118496,0.1903316981702915,2.4668676203541096,1.414973347970818,1.5254855585504665
246,0.9048957878552061,6.362143301677991,1.2041199826559248,0.3744428275438261,0.6414741105040996,2.658806080285806,1.3891660843645326,1.4471580313422192
247,0.9024863809435577,6.362143301677991,1.3346770962224017,0.38654850578705013,0.5700757053216041,2.5707050566040395,1.3955205345486248,1.396005508894838
248,0.9000635323617556,6.637021760330759,1.4349235749252076,0.3983258767399837,0.4845845292828429,2.460062178689007,1.4017833477537978,1.3380135619171512
249,0.8944391445846256,6.477272990003634,1.2408264870292653,0.33987084692271835,0.600210306409328,2.2822191721874905,1.3946462136321132,1.1530794123239518
250,0.8887409606828927,6.221875848746543,0.8808135922807914,0.27230584440208644,0.691435152144062,1.9758911364017928,1.3873898263387294,0.824386202318774
251,0.8901668819325802,6.251652325955616,1.219393983496751,0.34485651155069813,0.6202286205374699,2.3366961934805617,1.3739146070673425,1.2525375069900042
252,0.8915881367649732,6.279517580760929,1.407313634746855,0.40700441829954265,0.5350126589299355,2.5310141823998307,1.360007855623319,1.4638929889859074
253,0.8899804203344726,6.204573893310771,1.5752578416208425,0.40220925877700076,0.3662153594773242,2.5799567257727416,1.3315193178118816,1.5058280338548362
254,0.8883667301712372,6.113943686379387,1.6960650136926116,0.3973605629798041,0.08635983067474821,2.623938100188453,1.3010299956639813,1.5440680443502757
255,0.9177680024477562,6.509775959091083,0.9164539485499251,0.44051552111222825,0.6870828446043706,2.294466226161593,1.3979400086720377,1.1854004831904525
256,0.8999767515678007,6.118928642608342,1.6112679931147862,0.2748173702437342,0.4659773682858229,2.435252653031749,1.3025782842268419,1.3979400086720377
257,0.9060527073900801,6.081888892782826,1.6476623490125806,0.2949645861834339,0.30037806487070257,2.5611581950144195,1.3365073825930947,1.5759571887637573
258,0.9120448296448701,6.041393079971211,1.6812412373755872,0.314218449245477,0.029383777685209667,2.65864725984816,1.3679767852945943,1.701855692573507
259,0.9084850188786499,5.996574710326311,1.5214286788851048,0.3105163021587609,0.42019158584657335,2.577300269742874,1.3690095907323623,1.627820853472384
260,0.9048957878552061,5.946593240451337,1.2658655786007302,0.3067823245530725,0.6225100655693765,2.4771212547196626,1.3700399458583679,1.5385178795875127
261,0.9018214438937748,6.635196534957492,1.568462483295425,0.38734235986708226,0.4531544656415074,2.5494937132150133,1.3842139841652799,1.612283364769123
262,0.8987251815894934,6.362143301677991,1.7450747915820575,0.4552713258312793,0.17172645365323114,2.611510887126656,1.3979400086720377,1.6753199833392922
263,0.8935768378559144,6.362143301677991,1.5405380195641023,0.3810669234196503,0.4203683798575242,2.549595820868812,1.3710678622717363,1.4741919739964424
264,0.8883667301712372,6.362143301677991,1.1409268419924303,0.291516846527952,0.5774917998372253,2.47736246243589,1.3424226808222062,1.088017897250127
265,0.8851726832445688,6.362143301677991,1.4284047937153859,0.2502573147318264,0.557507201905658,2.4658040515950974,1.3138672203691535,1.3133046626714482
266,0.8819549713396004,5.602067229509009,1.5998830720736879,0.2046625117482188,0.5365584425715302,2.4539295920577286,1.2833012287035497,1.4608978427565478
267,0.8922536557894576,5.867028232575539,1.5463663718248464,0.25240221221742964,0.46982201597816303,2.4803970985500072,1.293835900242667,1.5584514140180612
268,0.9023137678721664,6.030398616898652,1.485315733334934,0.29541000302392273,0.39093510710337914,2.5053438165208046,1.304121072641123,1.6380611697027228
269,0.9013415389416185,5.98648716697781,1.5010918803770597,0.2995021103379319,0.4073909044707315,2.4493314422510495,1.320245225508202,1.4983597907356203
270,0.9003671286564703,5.9376312150519475,1.5163149757779493,0.3035560197137056,0.42324587393680785,2.3850101245933746,1.335792101923193,1.2911467617318857
271,0.9002153570379754,5.8681239723269005,1.518148218187304,0.292489897150423,0.4605219929002008,2.415992927843852,1.354321904121914,1.5554751062851173
272,0.9000635323617558,5.785332540443375,1.5199737546369303,0.2811344129629119,0.49485002168009407,2.4449118245188917,1.3720933514894267,1.5554751062851173
273,0.8981612319838508,6.591069746147462,1.5400860459200794,0.39262612798430807,0.5339626080690487,2.462065077620558,1.3995054694727727,1.5554751062851173
274,0.8962505624616381,6.362143301677991,1.5593080109070125,0.4812634271455626,0.5698418994037616,2.478566495593843,1.425289616446794,1.6795073888495398
275,0.8976270912904414,6.586592339533261,1.4682117907957064,0.03742649794062367,0.3991543339582164,2.525044807036845,1.3617278360175928,1.741939077729199
276,0.9057958803678685,5.724276689023567,1.6812412373755872,0.42242567637120454,0.11394335230683678,2.485011214578573,1.3571967844843544,1.8027737252919755
277,0.9084850188786497,5.892095159477921,1.4393326938302626,0.47310943110256154,0.029383777685209667,2.2278867046136734,1.414973347970818,1.5921767573958667
278,0.8914755085273337,6.259344012046299,1.4384544438203408,0.2723573957680326,0.5600775062037326,2.4917117901707675,1.3467874862246563,1.506505032404872
279,0.8949080745861289,6.130243254237952,1.4496283664519252,0.2356511710620633,0.5140889936260531,2.5734311132410745,1.3346770962224017,1.4486386976173247
280,0.8983137230254115,5.945706347966597,1.4605219929002007,0.1955537388251134,0.46264752073368753,2.6421817764288122,1.3222192947339193,1.3818593344117303
281,0.9050534387695476,5.912498120526691,1.3985909623016326,0.19071678862323102,0.46027124550183596,2.542180528611067,1.3443922736851108,1.2945902138652416
282,0.9116901587538612,5.876538822652702,1.3263358609287514,0.18582535961296215,0.4578818967339924,2.412040330191658,1.3654879848908996,1.1852587652965851
283,0.9074113607745863,6.0830025230789575,1.454463732751138,0.21272015441784237,0.45917701046287135,2.415703517801353,1.3763488012950769,1.3298553257532837
284,0.9030899869919435,6.222366380613426,1.5532760461370994,0.23804610312879543,0.46046827350104713,2.419336065414009,1.3869446243705745,1.4381466362467488
285,0.8948696567452525,6.357928338883797,1.7242758696007892,0.4525530632289254,0.5137406459844415,2.629409599102719,1.4065401804339552,1.3541084391474008
286,0.8920946026904804,6.461089751497561,1.4030195342013125,0.3450852969415904,0.56118659791047,2.4983105537896004,1.3844482946548606,1.7680109485142874
287,0.8876173003357362,6.308180190031264,1.479244948349518,0.29375240615764503,0.629140083972336,2.4811558708280352,1.3750716020591949,1.59939882638361
288,0.8830933585756899,6.070083511331162,1.5440680443502757,0.23552844690754893,0.6878855248487056,2.4632956099620027,1.3654879848908996,1.3200631595949799
289,0.9138138523837167,6.13821728604003,1.6720978579357175,0.2695129442179163,0.5870230681346713,2.6875289612146345,1.4313637641589874,1.4578818967339924
290,0.8937617620579434,6.197097347664384,1.294466226161593,0.29797924415936233,0.4554159244982917,2.513084360465144,1.3710678622717363,1.2392994791268925
291,0.9138138523837167,6.093980283946594,1.4771212547196624,0.4424797690644485,0.4235530491106911,2.6180480967120925,1.414973347970818,1.2038484637462348
292,0.8994557023368495,5.958495158287337,1.615131400175721,0.28680564123231944,0.3891660843645325,2.565191685474378,1.3290587192642247,1.3401134757058357
293,0.9024863809435577,5.795934040217471,1.553613362256506,0.3990003219944044,0.3821457414888057,2.540885371803608,1.3346770962224017,1.282936650373092
294,0.905496056757822,5.533135439963557,1.4819201376014313,0.4880804463062496,0.3750100480257983,2.5151376264106005,1.3402237167222681,1.2170743152172476
295,0.9042946881303142,5.612543869204515,1.4850901843909379,0.38550697224155084,0.41675934561564126,2.480964593801423,1.3671487688723643,1.245238405423031
296,0.9030899869919435,5.679652859815354,1.4882372596251237,0.25096185450881986,0.45484486000851027,2.443871182291178,1.392501545165524,1.2716867502389397
297,0.9030899869919435,1.380211241711606,1.2041199826559248,0.46089784275654777,0.24054924828259971,2.6989700043360187,1.3571967844843544,1.1367205671564067
298,0.8933301497027873,5.9315431277861705,1.2787536009528289,0.28953940665447,0.5899496013257077,2.406540180433955,1.3990965858719797,1.7582388283625938
299,0.8930601739937849,6.487817013640371,1.2730012720637376,0.27964159932656085,0.5548351424813113,2.446381812222442,1.3918536271401587,1.5853823864972116
300,0.8927900303521317,6.182600944112634,1.2671717284030137,0.2695129442179163,0.516629796003336,2.482873583608754,1.3844878220867618,1.2939147410311023
301,0.9084850188786497,6.5267720044328374,1.6127838567197355,0.47310943110256154,0.4772935596145642,2.5809249756756194,1.3364597338485296,1.6560982020128319
302,0.8996215585473446,6.155719975359491,1.3719070789230268,0.3907745842843632,0.4340363540203142,2.4955493830527993,1.3411646367505607,1.5287531374008754
303,0.8846065812979305,5.60211210353912,0.9378520932511556,0.02530586526477026,0.47467184658738903,2.345700390583442,1.375968275132203,1.5042442543588819
304,0.9018819348029754,5.9327582966886405,1.4556906138919696,0.28078065005589864,0.4302901060549237,2.6261121516672667,1.3203771096519132,1.3723800550763299
305,0.9102685716190669,5.894870209986278,1.5797835966168101,0.5123285629470293,0.014940349792936524,2.604586015377687,1.355387657986574,1.5056473225313496
306,0.9030899869919435,6.40908753876339,1.6163004304425725,0.22617012339899886,0.17897694729316943,2.5024271199844326,1.3351234420807068,1.2535802895621828
307,0.899683738300032,6.1484741672985965,1.4592668056625924,0.29812500502057393,0.41525165267877384,2.4315647798912976,1.3577760846218248,1.3177239097935471
308,0.8962505624616381,5.398228284511031,1.2108533653148932,0.359835482339888,0.5674185056727485,2.346841769642251,1.379305517750582,1.373601541853096
309,0.9030899869919435,5.740377297335686,1.3304137733491908,0.22193559982800534,0.4753805931433612,2.3092041796704077,1.334453751150931,1.1530217436261385
310,0.90759048821862,6.27230607639694,1.48902047801937,0.44430508629560317,0.3392526340326997,2.5103215502161387,1.3450468246483551,1.753608589858018
311,0.8976270912904414,6.613067838345066,1.5440680443502757,0.2764618041732442,0.4376146830210097,2.574031267727719,1.3222192947339193,1.3240765797394864
312,0.8955606584533253,6.362143301677991,1.2928096654172903,0.22174016242191555,0.5177612629444234,2.5181848042184027,1.394013663157313,1.5322924567404752
313,0.8979705428559119,6.518429288072502,1.2715512056685048,0.19120641041342618,0.6390356439798438,2.5648139595308566,1.379532125886119,1.4706585149054974
314,0.9003671286564703,5.423820728647762,1.249198357391113,0.15836249209524964,0.47467184658738903,2.606918525948291,1.3645509953539718,1.3988077302032647
315,0.8920946026904804,5.361729724250366,1.7853298350107671,0.48572142648158,0.04139268515822507,2.667452952889954,1.3710678622717363,1.5740312677277188
316,0.9041743682841635,5.702961631440842,1.4785664955938433,0.359835482339888,0.40269116426303864,2.565375502714074,1.3025473724874854,1.5484385575855508
317,0.9084850188786497,5.843526377264312,1.7075701760979363,0.2695129442179163,0.40014928166005237,2.6711728427150834,1.3521825181113625,1.5554751062851173
318,0.8883667301712372,5.9495490561703175,1.3324384599156054,0.3082085802911046,0.39759243403811667,2.4727564493172123,1.367666464108184,1.2462933667477056
319,0.8922632934993224,5.998575242503916,1.4396914666568648,0.32397048453368266,0.37446320212954926,2.464028642425056,1.3665785904410062,1.5623352281864828
320,0.8961252068591217,6.042624136525443,1.5256336810008353,0.3391803179086622,0.3500325410378034,2.45512183353952,1.3654879848908996,1.7433173041209225
321,0.8653014261025438,5.400798660517458,1.2388820889151366,0.06570417223951747,0.6824459385139579,2.377184787081418,1.2870548776706683,1.3885748051964082
322,0.9042946881303142,5.755751153020028,1.380211241711606,0.31410140451173973,0.1276446299842249,2.6225593863895877,1.3865980403730067,1.5554751062851173
323,0.919078092376074,5.889988651760309,1.4313637641589874,0.4014005407815441,0.38198700733975816,2.611723308007342,1.4082399653118496,1.424881636631067
324,0.8808135922807914,5.992383831501568,1.380211241711606,0.10174707394636621,0.5413295776666938,2.3882007011822344,1.3579348470004537,1.5560611590095326
325,0.9048957878552061,4.596619084663801,1.4771212547196624,0.3735249804634041,0.09691001300805642,2.572484357875311,1.3856062735983121,1.536137410563854
326,0.8914755085273337,5.515792626580704,1.3901497642457858,0.2723573957680326,0.48287358360875376,2.4871383754771865,1.3371263410122578,1.5576408515395495
327,0.9138138523837167,5.554501021673915,1.462397997898956,0.12385164096708583,0.4509635441988884,2.530199698203082,1.3820170425748683,1.5365584425715302
328,0.9106639239284845,5.59003993039355,1.466263327131454,0.17037038410111757,0.4165216365336787,2.517000291829382,1.3612380170059792,1.4744159310197675
329,0.9074909820933358,5.622889340358478,1.4700945572371251,0.2123849213005384,0.379111188051507,2.5033871105045917,1.3394146320101603,1.4018726208500736
330,0.9042946881303142,5.653427838280316,1.473892284589464,0.25069101291481993,0.3381718036685479,2.489333370310933,1.3164363267053816,1.314733071658482
331,0.9155756985400033,4.393505008589961,1.52720011906298,0.36611152337834696,0.10551018476997394,2.4598948527451516,1.3310897182045596,1.7408887882647008
332,0.8939466075520739,5.834262344907214,1.4313637641589874,0.26834391395106466,0.615950051656401,2.361727836017593,1.3941597181383107,1.4925275857610627
333,0.8996837383000321,5.818889780582599,1.4753079139561942,0.2610645155203069,0.5236019668994334,2.5477747053878224,1.3826922867874512,1.4929349096166495
334,0.9053460672961678,5.802953048466379,1.515211304327802,0.25366102094672677,0.406161545290614,2.677606952720493,1.3709138298239774,1.4933418518020127
335,0.8920946026904804,5.169156968735353,1.066946789630613,0.23426412437878927,0.5304558435846762,2.552262522965547,1.3453737305590883,1.2544675104670764
336,0.9138138523837167,4.877155296873409,1.4682117907957064,0.22010808804005513,0.37630315575592055,2.506505032404872,1.3180633349627615,1.829946695941636
337,0.9138138523837167,3.4915017662373264,1.7297046213121872,0.48666657262589286,0.13513265137677483,2.6496593222923464,1.3679767852945943,1.6680751513945196
338,0.9071425310031405,4.8140210640791965,1.711807229041191,0.44365406761290516,0.4073909044707315,2.47928731647617,1.4026911642630386,1.5554751062851173
339,0.9064697276433242,5.876554692408633,1.568201724066995,0.3920370982602476,0.2659963704950792,2.5907861238608794,1.331680308168973,1.519681416350328
340,0.9057958803678685,6.158362793688535,1.3521825181113625,0.3334472744967505,0.05499586152914153,2.6794278966121188,1.3564068715920015,1.4317657026253479
341,0.9164539485499251,2.2329961103921536,1.3222192947339193,0.47310943110256154,0.17026171539495738,2.4578818967339924,1.3564068715920015,1.3273589343863303
342,0.8937617620579434,5.838839829286199,1.4771212547196624,0.28307497473547155,0.46801894137427774,2.397592434038117,1.373463721632369,1.4912496033750358
343,0.883336910959998,5.943636751259938,1.4427036899159693,0.1951085875604543,0.4155297791576379,2.469822015978163,1.3228097699872232,1.4387231259288025
344,0.9093777108309907,5.865257550273277,1.5622928644564746,0.41580772763554336,0.13513265137677483,2.5542872095319615,1.3999620019309882,1.58849580100721
345,0.893484346218486,6.060764301206142,1.3424226808222062,0.247359422468937,0.66149717917983,2.428134794028789,1.321701969500738,1.4251672627392928
346,0.8987251815894934,5.778878291547586,1.5440680443502757,0.33237785645732565,0.4645557811510287,2.479143247978613,1.421768401206924,1.5220136381940221
347,0.8887409606828927,5.206896004882029,1.1205739312058498,0.25527250510330607,0.49609899213257125,2.5140161804006493,1.3805730030668872,1.5601936670041978
348,0.9048957878552061,0.6989700043360189,1.4682117907957064,0.3443922736851107,0.49485002168009407,2.4756711883244296,1.403692337561129,1.4219876034737369
349,0.906155395687988,5.397945654463605,1.7321255940337112,0.32242605240595257,0.3451285741981312,2.5603849229720153,1.3814159428499766,1.7085200428087886
350,0.9074113607745862,5.69897130721751,1.4857214264815801,0.29928933408767994,0.11477773197156207,2.631240780235509,1.3579348470004537,1.5254855585504665
351,0.9115127146321267,5.427363966885101,1.6560982020128319,0.28269762265516374,0.19347245138219193,2.5970366649776535,1.335792101923193,1.5554751062851173
352,0.9155756985400033,4.544663240170119,1.7781512503836436,0.26544677964647956,0.26007138798507473,2.5599066250361124,1.312459457444763,1.5554751062851173
353,0.906155395687988,5.616037322407934,1.5916210382133191,0.30610320872758556,0.36193758945412774,2.5945030438200893,1.3220469214504882,1.5554751062851173
354,0.8965262174895554,5.898241265958858,1.2576785748691846,0.34327726798431923,0.4443918150990671,2.6265456590271294,1.331427296520743,1.5863734801469924
355,0.893484346218486,4.732401802238908,1.4983105537896004,0.28216877830464154,0.49692964807321494,2.4510184521554574,1.3080305542661057,1.4280132393845555
356,0.8939466075520738,5.517467741920382,1.3935752032695876,0.13697985605177523,0.43947623852894285,2.459392487759231,1.3424226808222062,1.4311894752324892
357,0.9030899869919435,4.8451042441768255,1.2304489213782739,0.13576851456782227,0.04139268515822507,2.6857417386022635,1.4099331233312946,1.730782275666389
358,0.8976270912904414,5.7027433053939225,1.2483236451479782,0.20154417544398487,0.4214773657493366,2.3976917694644198,1.391691059395036,1.6253198018554866
359,0.9164539485499251,5.618049143203559,1.2041199826559248,0.19061179781360496,0.07003786660775509,2.3820170425748683,1.371990911464915,1.7427251313046983
360,0.9084850188786496,0.7781512503836436,1.4421967571858085,0.27300127206373764,0.6651117370750514,2.3560258571931225,1.3783979009481377,1.6567368704836722
361,0.900913067737669,5.677838180337432,1.6525686374796387,0.2849943867229946,0.6437980006792351,2.3979400086720375,1.351409751925439,1.5803242232826062
362,0.893206753059848,5.9788654402996295,1.3654879848908996,0.2966651902615311,0.6213840284816531,2.436162647040756,1.3226327116922234,1.4875342941571197
363,0.9030899869919435,6.119841593693776,1.187520720836463,0.20455406013524338,0.548020694905531,2.288249225571986,1.3714373174041008,1.0609998532182885
364,0.9020028913507295,5.93050254251504,1.462397997898956,0.39093510710337914,0.14457420760961637,2.510276844417355,1.3138672203691535,1.5965970956264601
365,0.8976270912904414,5.995635633278623,1.3921104650113139,0.32667715327001184,0.2608660716137683,2.645094623553164,1.3297367747991549,1.631443769013172
366,0.8988470204125407,6.006759680064015,1.4186694935307818,0.3929825793678916,0.4261044280965075,2.44973545423003,1.3545352642253963,1.8025837036385817
367,0.8740950906196796,5.638739777592891,1.25927524755698,0.1509098737011218,0.5672224801754446,2.3067823245530725,1.3246253644997976,1.6138946525411673
368,0.9030899869919435,1.255272505103306,1.3979400086720377,0.35602585719312274,0.07918124604762482,2.569373909615046,1.4313637641589874,1.4913616938342726
369,0.9017306917292187,6.195899929029835,1.249198357391113,0.15236479794929622,0.287801729930226,2.452553063228925,1.406114192678464,1.7855077880892263
370,0.9121811644386134,5.1569623521706545,1.4019304914048423,0.25677786010062303,0.43336974685658597,2.4432027900115263,1.3897565596178363,1.6614486193897753
371,0.9084850188786496,2.409087369447835,1.355387657986574,0.43216726944258826,0.08278537031645007,2.569373909615046,1.3862016054007935,1.8059537200158091
372,0.9111576087399766,4.176149161126549,1.6483600109809315,0.2749271930997761,0.40483371661993806,2.3453737305590883,1.3988077302032644,1.569958818096594
373,0.9104910015762483,4.628447683564627,1.6580113966571124,0.3078524552347383,0.3021143769562011,2.4537004733597723,1.3851592385800424,1.505149978319906
374,0.909823369650912,4.845156975980522,1.667452952889954,0.3384564936046048,0.16731733474817606,2.5403294747908736,1.3710678622717363,1.4289442900355744
375,0.9098233696509119,5.337022108296651,1.631443769013172,0.32975088970504707,0.233877068302861,2.524428579372412,1.3616334139100563,1.4731145580235374
376,0.9098233696509119,5.561760506319859,1.5921767573958667,0.3208672027167914,0.291578496678088,2.50792330349193,1.3519894554356322,1.5132042779469883
377,0.9098233696509119,5.709121101148498,1.5490032620257879,0.3117979944313222,0.34250492577688885,2.4907658815960176,1.3421264699557252,1.5499040403382278
378,0.9098233696509118,5.818948817148372,1.5010592622177514,0.30253535066129816,0.3880814568735569,2.472902651803664,1.332034277027518,1.5837427186992477
379,0.8827142276202256,5.462601619293322,1.1856365769619117,0.25607601038690697,0.6896048008603892,2.177055287158298,1.3470045791968865,1.2318941622524548
380,0.8982374841975316,6.002922213455953,1.403692337561129,0.4268364538035081,0.548301655278845,2.3763741578551136,1.3820170425748683,1.6054487095502605
381,0.8827142276202256,5.023873612059667,1.0910804693473326,0.15634720085992407,0.6522463410033232,2.226170123398999,1.3067823245530725,1.500648063371912
382,0.8956234223065891,5.6689133200366255,1.2574603912514817,0.3547996852632905,0.48509018439093776,2.4503890904259404,1.3944516808262164,1.5131207025927706
383,0.8956652598367889,5.726360541927196,1.3155356851880482,0.3377486944782453,0.4953791248986984,2.454737100357697,1.3799095435529616,1.5181312545270809
384,0.8957070933369806,5.777088916441181,1.3667530219911486,0.32000080426472804,0.5054299390696768,2.459042010622834,1.3648635498704516,1.5230846573260148
385,0.8957489228079403,5.822506790150785,1.412562357072789,0.301496611470943,0.515253400383463,2.463304667292776,1.3492775274679554,1.5279821999599523
386,0.8957907482504441,5.863621409302177,1.4539974558725246,0.28216877830464154,0.5248595673317962,2.467525891767599,1.3331112632754216,1.5328251282769914
387,0.9357591037453117,5.793209424160443,0.9030899869919435,0.3053513694466238,0.5012549344363818,2.569373909615046,1.3445396336871704,1.1606185723994737
388,0.8951769043575746,5.709129980236484,1.4168253528324115,0.32735893438633035,0.4762932382974322,2.472106064348183,1.3133984729065906,1.653201790322414
389,0.8922492384342908,5.87654839266584,1.4582180379906364,0.3344537511509309,0.5072292188022959,2.461898521729004,1.3335592204909013,1.6044780580132736
390,0.8893017025063102,5.9970848805584485,1.4960065988800362,0.3414345245781402,0.5361073212243261,2.4514452772334527,1.3528254412219736,1.5495890144387163
391,0.8913205969929989,5.929541064505341,1.494463810465755,0.39728807787875897,0.5695828959440404,2.407485326578268,1.3649676847425254,1.7924772946682892
392,0.8933301497027873,5.84952260022638,1.4929155219028942,0.4467700952003877,0.6006617964743741,2.3585693167727633,1.3767796616025039,1.5554751062851173
393,0.8988470204125407,5.868548440281819,1.479527324485541,0.4039779636693548,0.570959689248781,2.4341251577179763,1.3931850891792164,1.8246247363055936
394,0.9042946881303142,5.886775649192297,1.465713239050433,0.35650389189400505,0.5390760987927766,2.498463717071704,1.4089932950443689,1.6529872656412739
395,0.9021842630309196,5.831952499819721,1.494463810465755,0.320146286111054,0.5751465915928494,2.491322776814496,1.3911802357896312,1.6118707614029466
396,0.9000635323617557,5.76919512545426,1.5214286788851048,0.28046454662691805,0.6084496203664923,2.484062455092773,1.3726051894766653,1.5664505869616783
397,0.8979323949809783,5.695811985322063,1.5468167527784267,0.23678909940929294,0.6393797524109881,2.4766786923300805,1.3532000406381282,1.515719341569256
398,0.8957907482504441,5.60745652447695,1.5708022975975204,0.18822517270527928,0.6682527587917001,2.4691672182937685,1.332887111279786,1.4582684367468857
399,0.8936384880060504,5.451482630071912,1.5089036272870247,0.22069634162342827,0.6014391270593871,2.501363603142542,1.3243967884514143,1.5520527662610357
400,0.8914755085273338,5.2057531126359935,1.436692597664054,0.25090769970085597,0.52244423350632,2.5313369675453536,1.315737167205999,1.6291376551477448
401,0.8927128155804991,5.771490176259918,1.6345892161548823,0.19103160884861778,0.5387173259661744,2.563349221272583,1.3669415178629893,1.6348242088589826
402,0.9048957878552061,5.233156591914683,1.4850901843909379,0.44953624983885965,0.4847064821498126,2.4665381101092407,1.3502480183341627,1.5241796783007557
403,0.9000635323617558,5.7041889665068535,1.5668955742647115,0.3973750585483674,0.5458370670891224,2.4877666497016273,1.374748346010104,1.802066423712485
404,0.9282535679184155,5.810493419669899,1.3363485331100131,0.41256553823958747,0.5208265158006501,2.4853270077078506,1.3664229572259727,1.5681821608118778
405,0.8930645360544548,5.895826594468114,0.8129133566428556,0.42724260223103583,0.49428714231243776,2.482873583608754,1.3579348470004537,1.0253058652647702
406,0.8964037257437416,5.967114869817175,1.4522976709946303,0.4414398242505101,0.4660198026482488,2.5333200508170535,1.3936726770623664,1.6496268868405295
407,0.8995317276292805,5.86902283646079,1.5691787649333069,0.3405143432387775,0.4210421560846698,2.553545919988818,1.3923940332249072,1.6693478783522073
408,0.9026373611230387,5.742106888582099,1.661181443446619,0.2087995374748729,0.37086247353208246,2.5728716022004803,1.3911116137028026,1.6882121178773208
409,0.9188600183158034,5.761892647620705,1.745595216427921,0.22704356670938727,0.3952292897750608,2.551327988003846,1.369030221809153,1.716740461565612
410,0.9344984512435677,5.7808161401089,1.816241299991783,0.24455199073627368,0.41830129131974547,2.5286596452349897,1.3457656931144881,1.7435097647284297
411,0.9182925127553555,5.798949393428766,1.759290033024304,0.26138183728574627,0.4412040189063685,2.504742636271688,1.321184027302314,1.6378848177665488
412,0.9014583213961124,5.816355770676272,1.6937269489236468,0.27758374920795653,0.4629592228082919,2.4794313371977363,1.2951270852521912,1.4980209275821987
413,0.9036325160842377,5.755425789123979,1.6657088814184562,0.2918558141047395,0.45562288988535815,2.4584112014697164,1.3189592814143705,1.5353884966084133
414,0.9057958803678684,5.684530443815391,1.6357578361152076,0.3056737456696931,0.4481604951806522,2.4363217001397333,1.341551423904154,1.5697940599557443
415,0.9107133176711482,5.838522250350802,1.62442274283271,0.3723032780296466,0.44584830893977445,2.4376713047707286,1.3660577076328382,1.6388555525900224
416,0.9155756985400032,5.951974728829472,1.6127838567197355,0.43005712986905964,0.44352374668712513,2.439016728387513,1.3892547068486485,1.6984267966580666
417,0.9268567089496923,5.848916643558002,1.4682117907957064,0.40070104705240495,0.26481782300953643,2.531478917042255,1.3756636139608853,1.519681416350328
418,0.8956987269593056,5.713533662391223,1.4653828514484184,0.36921585741014284,0.5073497992184031,2.607669436688243,1.4161243720654708,1.7847527656744053
419,0.9219464542294101,5.769221269624179,1.4682117907957064,0.34586362850376395,0.541579243946581,2.5934522193461094,1.312811826212088,1.5314789170422551
420,0.926085086925144,5.818573036417262,1.4682117907957064,0.32118402730231405,0.31175386105575426,2.5787537844264348,1.3692158574101427,1.7311857076340005
421,0.9227686950366432,5.862884527079712,1.7829501332654125,0.2950170118814579,0.4653828514484183,2.5635404111894493,1.3799095435529616,1.5812098523548423
422,0.9194267832674696,5.903090529859707,1.6842467475153124,0.2671717284030138,0.5786392099680724,2.5477747053878224,1.390346233139389,1.3502480183341627
423,0.8684680990209868,6.0809101697263,1.5440680443502757,0.38719201513881535,0.2872417111783479,2.5208763816883417,1.3380800304755907,1.450172098924372
424,0.8985257352108316,5.923429512930283,1.6175721575062099,0.35941383717870645,0.39379448854660354,2.6132650694912996,1.3176265431344487,1.469822015978163
425,0.9067468905622744,5.5668703923034,1.6891521024058371,0.28873349274612786,0.43616264704075614,2.5847080525750368,1.336259552014193,1.6087933739869307
426,0.909983694939844,0.47712125471966244,1.6570558528571038,0.5024271199844327,0.47467184658738903,2.523312822759656,1.3422252293607904,1.735119634081872
427,0.8898617212581884,6.113943686379387,1.7403626894942439,0.12385164096708583,0.13353890837021748,2.2380461031287955,1.2938043599193367,1.0107238653917732
428,0.9057958803678685,5.688876718054576,1.568201724066995,0.421768401206924,0.36172783601759284,2.4776999283321306,1.3710370601523643,1.4770126675252215
429,0.9035240644712622,5.675336492636212,1.4456042032735976,0.23748788392353146,0.5020855592260458,2.6033609243483804,1.3940311923487303,1.5244740154735967
430,0.9103278974141054,6.060735981063694,1.4055929729005632,0.44851308542718527,0.4710471070074692,2.420427295204817,1.3983644446971961,1.4656471816342431
431,0.9066204801866462,6.055973739899621,1.4416212937303454,0.38656584353480655,0.4389047688125245,2.5124383478129526,1.3944367131543876,1.5344965997499571
432,0.9028811413606512,6.05115869903609,1.4748883732873705,0.3142886609474978,0.40419206004140246,2.588322647488907,1.3904731350176223,1.5939100679129117
433,0.9201233262907239,3.342620042553348,1.6020599913279625,0.41161970596323016,0.4913616938342727,2.504697352451001,1.379124146070392,1.5554751062851173
434,0.9172053232735116,5.25540759792877,1.5894708640199418,0.23929947912689248,0.4751867549424629,2.519302849235429,1.3983368965058312,1.5133064834347603
435,0.8981764834976765,6.362143301677991,1.255272505103306,0.3569814009931312,0.2787536009528289,2.4480926044213067,1.3453737305590883,1.6227319651647192
436,0.9054466541857452,5.704524033957796,1.5527397696969836,0.30441218476219856,0.53793351859703,2.5520189250446594,1.3772205153099688,1.6246390339259063
437,0.9073046394600829,5.7398793173366025,1.516574256073354,0.2614065539226371,0.502602970745862,2.4864068624166835,1.3781279195418747,1.601448685542994
438,0.9091547098084257,5.772571794193372,1.4771212547196624,0.21366951535616246,0.46414165459928736,2.409087369447835,1.3790334318179673,1.5769498246916211
439,0.9109577340036558,5.974104763648145,1.52880961249955,0.24025993923195477,0.4768799129619078,2.409510452269316,1.3884786462502066,1.593440353430692
440,0.912753303671323,6.111226433000593,1.5749952958303357,0.26531582210789917,0.4892551683692605,2.4099331233312946,1.3977228071261734,1.6093275616088965
441,0.9131071077494677,1.041392685158225,1.2174839442139063,0.014100321519620544,0.2695129442179163,2.3508938095043144,1.3664229572259727,1.5550944485783191
442,0.909769914732769,6.034684995439769,1.507855871695831,0.21942078361837647,0.46711458907381764,2.377943380255784,1.401279886667168,1.6101675769870618
443,0.893206753059848,6.264827736140006,1.5481846105451078,0.13375174566038928,0.513716884831001,2.6554585929400747,1.3294430807018311,1.3508722985960704
444,0.9062901372419628,5.547162201419204,1.4522976709946303,0.22019528701272095,0.5322765196207176,2.604873770552636,1.3956612328721965,1.4099964885258582
445,0.9132839017604185,0.6989700043360189,1.3921104650113139,0.3856062735983121,0.3222192947339193,2.5943925503754266,1.3483048630481607,1.235528446907549
446,0.9212528314316937,1.1760912590556813,1.7032913781186614,0.40483371661993806,0.6532125137753437,2.6074550232146687,1.3874194902492565,1.6834973176798114
447,0.9076800242424199,6.0659533534189345,1.6924062348336304,0.2720737875000099,0.19219562584644972,2.510545010206612,1.3996737214810382,1.5269850685599957
448,0.9053332086459454,5.6491849631859035,1.591064607026499,0.27993772342803036,0.4430393548678096,2.5415135562081357,1.3745825197974169,1.6761339100986163
449,0.8930645360544548,5.694744278512177,0.7403626894942439,0.47310943110256154,0.43458791160502275,2.575187844927661,1.3873898263387294,1.038023740045158
450,0.9153998352122699,5.735974753007535,1.7737864449811935,0.47310943110256154,0.42596873227228116,2.3988077302032647,1.386267042105014,1.6286443222846065
451,0.9134044018810282,5.768368834129663,1.6257799873206433,0.47310943110256154,0.3955811859671861,2.392257161341674,1.390338465375353,1.6475052204973843
452,0.9113997578858671,5.7985134539262235,1.3995163969069926,0.24977906722506898,0.3629063835031356,2.385606273598312,1.3943720741021546,1.665580991017953
453,0.9283958522567138,5.91298587386421,1.711807229041191,0.03742649794062367,0.3876493168823482,2.5177612629444233,1.3636119798921444,1.6381771516721404
454,0.9069811532288542,6.0034928444849465,1.4955443375464486,0.30994938425901597,0.4110582391986626,2.618944165424554,1.3284611534308848,1.608926982504183
455,0.9022037908486583,5.781802211325073,1.4708965129330884,0.2521448045274672,0.41165477354626856,2.573600896212167,1.3603326595847067,1.7402036384038804
456,0.8973732910600354,5.3054706765413036,1.4447652182263289,0.18544771221359777,0.4122504896353447,2.5229655954919865,1.3900242799093823,1.8408724761910384
457,0.9098336486886022,5.004447128975857,1.572171331343595,0.28810011158531834,0.40940472019772767,2.4985862088175175,1.381973144222929,1.790539268874964
458,0.9219464542294101,0.47712125471966244,1.6705550695214364,0.37106786227173627,0.4065401804339551,2.4727564493172123,1.3737699294162615,1.733598460961339
459,0.9079485216122722,1.6989700043360187,1.462397997898956,0.47310943110256154,0.5378190950732742,2.597695185925512,1.3835161620540923,1.7558748556724915
460,0.9307792854229727,4.87240136459338,1.6197887582883939,0.06818586174616162,0.5186784142149805,2.547865828863168,1.4003076860685573,1.505149978319906
461,0.9193530450764512,5.173285681646125,1.5756614485535525,0.19374281124448026,0.49865509524511925,2.4915691923962244,1.3875039072140876,1.6003253858016093
462,0.907618039730518,5.3493283703035805,1.526538084663585,0.29102333001813635,0.4776637838119565,2.426872571270526,1.3743111533271264,1.6783463671978234
463,0.9037367709475232,5.715583569589654,1.4952858556765944,0.2824671193973982,0.4763579839602835,2.466754379404327,1.3691755241135275,1.6765558072053837
464,0.8998205024270962,5.911407504429611,1.4616090885414148,0.27373894583777086,0.4750482460967972,2.503279848477324,1.3639784374652288,1.6747578343098388
465,0.9031675326544839,5.930355480295829,1.5405082335840554,0.1830663794102131,0.46264752073368764,2.5041794874536984,1.2917809998612604,1.5254855585504665
466,0.9195206137705683,5.454478475889799,1.282546589969968,0.2509889293806782,0.4751261627579343,2.44836273248059,1.3963737275365065,1.5807983038118356
467,0.9235495464414849,5.329552956842392,1.5845196793420233,0.16766187620369483,0.5130093952210042,2.5010021745434132,1.3879234669734366,1.5118091162600162
468,0.9275414461540599,5.153488131701746,1.7609248484091329,0.06445798922691845,0.5478515920804023,2.547945546223157,1.3793055177505822,1.429752280002408
469,0.9248246838767881,4.852537428130627,1.6571014026481052,0.2937307569224818,0.5801049127839708,2.5903060949692294,1.3857154788725943,1.6728672017718136
470,0.9220908196470555,1.414973347970818,1.520389944876643,0.44300207157106153,0.6101276130759954,2.628899564420607,1.3920322067028033,1.8277999071812292
471,0.9370161074648142,4.795442607365646,0.7781512503836436,0.29483349424428673,0.5566039894860269,2.584441166373916,1.3643633546157308,1.519681416350328
472,0.9176367758318907,5.096382169335375,1.4421967571858085,0.06818586174616162,0.49554433754644844,2.534907063966842,1.3763488012950769,1.130333768495006
473,0.9170935532209032,5.272443279641128,1.6684894557253942,0.21281993488511713,0.42447327319533434,2.4789871198222713,1.3709439404617771,1.4705656501054012
474,0.9165496502871795,5.397366941089579,1.396005508894838,0.3211321990927051,0.33945144130644067,2.414787712369828,1.365470966748618,1.6589754247597293
475,0.9096149330462754,5.859958813064302,1.4110207822594092,0.2955396121000753,0.3440482391089436,2.4744520536561545,1.347557561902375,1.6788109645734777
476,0.9025676844853305,6.078842432082099,1.4255342204982635,0.2683439139510646,0.34859689117654824,2.5269008893676332,1.3288733737807645,1.6977799878057285
477,0.912753303671323,1.1760912590556813,1.5440680443502757,0.4329692908744057,0.5965970956264602,2.5171958979499744,1.4076741092293186,1.6812412373755872
478,0.9007766472930407,6.016379659589611,1.4379369953117263,0.22054935290995062,0.3983121016394544,2.5284024379536176,1.3764035696101569,1.725203558109886
479,0.9255699095433763,5.891477515677358,1.6766936096248666,0.06818586174616162,0.4285975479158354,2.5390133349395128,1.3856062735983121,1.5832743626002475
480,0.8934522069825006,5.7154594327654085,1.7708520116421442,0.07918124604762482,0.45690802057228364,2.549371152333177,1.3663606883202954,1.3710678622717363
481,0.9270891515292538,5.414648891583118,1.6857417386022637,0.4069657507589478,0.48348540969994513,2.559487681797765,1.3794695506950354,1.3873898263387294
482,0.9125257058941322,2.4191293077419758,1.5797835966168101,0.47310943110256154,0.5085297189712865,2.569373909615046,1.392194297553202,1.403120521175818
483,0.931457870689005,5.845392484899009,1.6232492903979006,0.06445798922691845,0.49739043801766597,2.5884317859012382,1.4329692908744058,1.6206564798196208
484,0.9199809424365761,6.146341097912648,1.5622928644564746,0.15236479794929622,0.4859579059221647,2.6066883955100333,1.3384564936046048,1.7649229846498886
485,0.923358422650375,6.199666700847221,1.6804865986420057,0.17786101738753957,0.3767289943351182,2.639379752410988,1.3524581731392797,1.6960941599952233
486,0.9267098389848488,6.247154860708123,1.7732987475892314,0.20194306340165025,0.23044892137827397,2.6697816152085365,1.3660225012437925,1.6142642873587052
487,0.8979411147906763,6.008603237359205,1.5662410233014672,0.20840296237215827,0.4453446905787508,2.5183258929029195,1.3022690677795297,1.7873423794852188
488,0.9122629447762817,5.934185025725248,1.4471580313422192,0.2727180840931277,0.4443571256560276,2.516314975777949,1.3894387111668958,1.5464038397893167
489,0.8906604974294822,5.647716388082727,1.570153612664517,0.1970835545015094,0.4661258704181992,2.620879328271566,1.3700105410388363,1.5708735938241236
490,0.9033613362553184,6.050122506595898,1.250420002308894,0.1745927736312547,0.577146984827525,2.509569067139951,1.3703280077795104,1.4520932490177314
491,0.9317628884811777,1.7075701760979363,1.3710678622717363,0.4005379893919462,0.6434526764861874,2.603144372620182,1.334051440346892,1.5198279937757189
492,0.9346667498242064,5.065053349237,1.4682117907957064,0.18752072083646307,0.5859117103194342,2.594499974937303,1.2929940400674393,1.5554751062851173
493,0.9332552309466289,5.365987995313948,1.4682117907957064,0.11727129565576427,0.519565500880509,2.585680014785517,1.3402788267384453,1.519681416350328
494,0.9318391094686322,5.542047466521373,1.4682117907957064,0.03342375548694973,0.44122367424261244,2.5766772129384714,1.382917135087531,1.805160901599434
495,0.920253803828705,5.666970308332994,1.4682117907957064,0.0588054866759068,0.34556975605639206,2.5674838278480845,1.3992409416924558,1.734999734992562
496,0.9193919267738594,5.763870784183803,1.4682117907957064,0.02530586526477026,0.22271647114758328,2.5580916156452664,1.3710678622717363,1.651278013998144
497,0.9324737646771533,5.8430456720102395,1.7506736619866836,0.03742649794062367,0.18892848376085342,2.548491785718991,1.4353665066126613,1.5899496013257077
498,0.9211660506377387,5.909987919997298,1.6210278304039423,0.11924213860173108,0.15228834438305647,2.5386749512738933,1.3571967844843544,1.5185139398778875
499,0.92272545799326,5.96797646071115,1.4353665066126613,0.18806090277797985,0.23552844690754893,2.5286310741694287,1.4226308710274684,1.5554751062851173
500,0.8935953338198832,6.019126333823745,1.1042919666306559,0.24745155438214253,0.5127177406435997,2.518349403228106,1.3992409416924558,1.6694497126460293
501,0.8986429210566397,6.019126333823745,1.1042919666306559,0.24745155438214253,0.5127177406435997,2.518349403228106,1.3461083703991694,1.6694497126460293
502,0.9036325160842377,6.019126333823745,1.1042919666306559,0.24745155438214253,0.5127177406435997,2.518349403228106,1.2855573090077739,1.6694497126460293
