ph,coliformes,dbo,fosforo,od,solido,temperatura,turbidez
6.415254237288135,1492010.1714285715,19.93220338983051,0.7252033898305086,1.2889830508474576,291.3050847457627,21.338983050847457,62.36271186440678
6.4049516291308715,1587547.199373777,19.122792353533008,0.7064334494234193,1.3555085519696617,290.85063075613346,21.37142636018884,62.67096045197741
6.393545170099616,1693320.3374559686,18.226658706203633,0.6856524439727134,1.4291617853549592,290.3474852676153,21.407345738388226,63.01223567393059
6.382506661359691,1795681.4388258317,17.359432595884883,0.6655417935365464,1.5004391079858923,289.86057027872675,21.44210642696828,63.34250201775626
6.371100202328435,1901454.5769080236,16.463298948555508,0.6447607880858404,1.5740923413711898,289.35742479020865,21.47802580516767,63.68377723970944
6.360061693588509,2003815.6782778865,15.596072838236758,0.6246501376496734,1.645369664002123,288.8705098013201,21.51278649374772,64.01404358353511
6.348655234557254,2109588.8163600783,14.699939190907383,0.6038691321989674,1.7190228973874204,288.367364312802,21.548705871947107,64.3553188054883
6.337248775525998,2215361.95444227,13.803805543578008,0.5830881267482615,1.7926761307727177,287.86421882428385,21.584625250146495,64.69659402744149
6.326210266786073,2317723.055812133,12.936579433259258,0.5629774763120945,1.863953453403651,287.3773038353953,21.61938593872655,65.02686037126715
6.314803807754817,2423496.193894325,12.040445785929883,0.5421964708613884,1.9376066867889485,286.8741583468772,21.655305316925936,65.36813559322034
6.303765299014891,2525857.2952641877,11.173219675611133,0.5220858204252214,2.0088840094198814,286.38724335798867,21.690066005505987,65.698401937046
6.292358839983636,2631630.4333463795,10.277086028281758,0.5013048149745155,2.082537242805179,285.88409786947057,21.725985383705375,66.0396771589992
6.28095238095238,2737403.5714285714,9.380952380952381,0.4805238095238096,2.1561904761904764,285.3809523809524,21.761904761904763,66.38095238095238
6.147058823529412,2040960.1538461538,18.647058823529413,0.4062352941176471,2.5352941176470587,181.1764705882353,20.294117647058822,58.94117647058823
6.2285714285714295,3689026.222222222,9.5,0.5892857142857142,2.6750000000000003,279.14285714285717,19.857142857142858,44.785714285714285
6.057142857142857,1625751.0,18.571428571428573,0.9594285714285714,1.3571428571428572,346.2857142857143,21.142857142857142,34.9394304538167
6.5,490000.0,20.666666666666668,0.8421666666666666,1.34,300.1666666666667,22.0,32.01440668392524
6.812322849387146,1536010.0,5.5,0.48324999999999996,2.65,209.25,21.75,15.1
6.812322849387146,1150901.7886178861,4.365853658536585,0.37430894308943086,3.5447154471544717,175.91869918699186,21.8130081300813,12.050406504065041
6.812322849387146,765793.5772357724,3.2317073170731705,0.26536788617886176,1.9797890179026632,142.58739837398372,21.8760162601626,9.00081300813008
5.9676829268292675,393108.21138211386,2.1341463414634143,0.1599410569105691,2.0232968052996325,110.33130081300813,21.9369918699187,6.04959349593496
6.1,8000.0,1.0,0.051,2.0232968052996325,77.0,22.0,3.0
6.233152173913043,372458.50543478265,2.7119565217391304,0.0639891304347826,2.0232968052996325,98.11413043478261,21.72826086956522,8.654891304347826
6.370742753623188,749065.6277173914,4.4809782608695645,0.07741123188405796,2.0232968052996325,119.9320652173913,21.44746376811594,14.498278985507246
6.508333333333333,1125672.75,6.25,0.09083333333333334,3.850000000000001,141.75,21.166666666666668,20.34166666666667
6.4941176470588236,861434.4,18.352941176470587,0.44429411764705884,1.9794117647058826,298.11764705882354,20.941176470588236,66.47058823529412
6.633333333333333,3300000.0,36.0,0.7753333333333333,1.4333333333333333,254.0,22.666666666666668,32.54118326169609
6.4125,1372546.4285714286,11.75,0.7296875,3.2062500000000003,242.75,21.8125,29.4375
6.842857142857143,1526666.6666666667,25.142857142857142,1.0464285714285715,0.6257142857142857,270.0,21.571428571428573,59.57142857142857
6.025,2303356.8470193115,18.75,0.745,1.4500000000000002,163.75,20.0,25.5
6.25,2200000.0,5.5,0.44499999999999995,0.355,206.5,23.0,55.0
6.025,1000086.6666666666,13.5,0.96475,2.2425,210.75,20.75,57.5
6.065849673202615,1609516.7538126362,11.637254901960784,0.7935027233115468,2.447674291938998,191.67047930283223,20.755446623093682,50.53050108932462
6.1080610021786494,2239261.1771968044,9.712418300653596,0.6165472040668118,2.659687726942629,171.95497458242556,20.761074800290487,43.32868554829339
6.148910675381264,2848691.264342774,7.84967320261438,0.4452999273783588,2.864862018881627,152.8754538852578,20.76652142338417,36.359186637618016
6.1911220043572985,3478435.6877269424,5.92483660130719,0.2683444081336238,3.076875453885258,133.15994916485113,20.772149600580974,29.15737109658679
6.233333333333333,4108180.111111111,4.0,0.09138888888888891,3.288888888888889,113.44444444444444,20.77777777777778,21.95555555555556
6.525000000000001,2303356.8470193115,14.75,0.5408333333333334,1.5983333333333334,226.25,22.0,33.858333333333334
6.825,988770.25,14.833333333333334,0.46124999999999994,1.7966666666666666,241.33333333333334,20.666666666666668,28.808333333333334
6.25,900185.5,11.0,0.8116666666666666,1.5116666666666667,247.66666666666666,22.0,34.9394304538167
6.4909090909090885,1850387.0,11.0,0.2595454545454545,2.8736363636363635,230.27272727272728,22.363636363636363,39.25454545454546
6.314285714285714,1643333.3333333333,18.0,0.9064285714285715,0.83,313.0,23.0,39.65714285714286
6.319435215946844,1899386.280232558,16.56843853820598,0.8298039867109634,1.0420564784053155,298.90066445182725,22.794019933554818,39.848704318936875
6.324584717607973,2155439.227131783,15.13687707641196,0.7531794019933555,1.2541129568106313,284.8013289036545,22.588039867109636,40.0402657807309
6.329568106312292,2403232.4015503875,13.751495016611296,0.6790265780730897,1.459328903654485,271.15681063122923,22.388704318936878,40.22564784053156
6.334717607973421,2659285.348449612,12.319933554817275,0.6024019933554817,1.6713853820598006,257.0574750830565,22.182724252491695,40.41720930232558
6.339700996677741,2907078.522868217,10.934551495016612,0.5282491694352159,1.8766013289036545,243.41295681063121,21.983388704318937,40.60259136212624
6.34485049833887,3163131.469767442,9.502990033222591,0.45162458471760797,2.08865780730897,229.31362126245847,21.777408637873755,40.794152823920264
6.35,3419184.4166666665,8.071428571428571,0.375,2.3007142857142857,215.21428571428572,21.571428571428573,40.98571428571428
6.1,65110.0,2.5,0.1375,3.5,110.5,20.5,15.3
6.400000000000001,1657429.142857143,12.666666666666666,2.0141666666666667,1.4399999999999997,261.75,21.166666666666668,34.9394304538167
6.7,3710026.6666666665,19.8,0.8440000000000001,3.122,389.6,21.8,34.92
6.366666666666666,599007.8,4.183333333333334,0.3966666666666667,0.75,160.16666666666666,20.833333333333332,21.599999999999998
6.67,986168.8333333334,12.1,1.032,1.021,300.6,22.2,40.89
6.785,494584.4166666667,20.05,1.586,1.5605,299.8,21.1,33.945
6.9,3000.0,28.0,2.14,2.1,299.0,20.0,27.0
6.798692810457517,457370.96078431373,24.42156862745098,1.8187581699346407,2.2483660130718954,272.0718954248366,20.31045751633987,27.245098039215687
6.694008714596951,926887.620261438,20.723856209150327,1.4868082788671024,2.401677559912854,244.24618736383442,20.631263616557735,27.498366013071895
6.5927015250544665,1381258.5810457517,17.145424836601308,1.165566448801743,2.5500435729847495,217.318082788671,20.9417211328976,27.74346405228758
6.4880174291939,1850775.240522876,13.447712418300654,0.8336165577342047,2.703355119825708,189.49237472766885,21.262527233115467,27.99673202614379
6.383333333333334,2320291.9,9.75,0.5016666666666666,2.856666666666667,161.66666666666666,21.583333333333332,28.25
6.822739674491369,2633355.0,2.3333333333333335,0.12333333333333334,2.033333333333333,81.66666666666667,18.666666666666668,11.733333333333334
6.239999999999998,911261.1111111111,19.266666666666666,0.8143333333333334,2.6053333333333333,172.2,21.533333333333335,49.5
6.546666666666666,1008301.6363636364,16.0,0.5693333333333332,1.8580000000000003,156.33333333333334,20.466666666666665,25.826666666666668
6.622222222222224,533333.3333333334,22.11111111111111,1.6232222222222221,1.258888888888889,259.8888888888889,22.11111111111111,45.77777777777778
6.44,1280052.5,20.2,0.26999999999999996,2.6,209.4,21.4,69.3
6.816666666666666,3600000.0,28.412871242379296,1.67,0.5266666666666666,279.62870876069377,20.0,69.46666666666667
6.033333333333334,1633527.3333333333,6.333333333333333,0.26499999999999996,3.733333333333333,131.0,21.72060951989097,10.200000000000001
6.262841530054645,1633538.6448087431,6.169398907103825,0.21950819672131144,3.708743169398907,124.19672131147541,17.327868852459016,10.011475409836066
6.5,1633550.3333333333,6.0,0.1725,3.683333333333333,117.16666666666666,17.666666666666664,9.816666666666666
6.729508196721311,1633561.6448087431,5.836065573770492,0.12700819672131147,3.6587431693989068,110.36338797814207,17.994535519125684,9.628142076502733
6.966666666666666,1633573.3333333333,5.666666666666667,0.08,3.6333333333333333,103.33333333333333,18.333333333333332,9.433333333333334
6.51,1255663.4444444445,13.4,0.21449999999999997,3.0800000000000005,179.3,21.7,14.410000000000002
6.7631578947368425,1121949.642857143,17.68421052631579,0.5292105263157895,2.4942105263157894,191.3684210526316,20.789473684210527,23.973684210526315
6.414285714285714,2303356.8470193115,42.142857142857146,0.765,1.9185714285714286,217.57142857142858,22.428571428571427,32.5
6.683333333333334,2587596.75,21.0,0.7870833333333334,2.4058333333333333,242.91666666666666,21.25,43.00833333333333
6.933333333333333,875016.75,10.833333333333334,0.4266666666666667,1.6466666666666667,192.33333333333334,23.666666666666668,42.76666666666667
6.966666666666666,2300000.0,56.666666666666664,0.8936666666666667,0.2733333333333334,446.0,22.333333333333332,25.333333333333332
6.966666666666666,2300000.0,27.666666666666668,0.7833333333333332,0.7966666666666667,329.6666666666667,25.0,66.66666666666667
6.625,2300147.5,8.0,0.225,1.825,198.25,24.5,43.875
6.7,2303356.8470193115,20.0,1.1,0.7,230.0,24.5,24.0
6.636475409836065,2303356.8470193115,21.524590163934427,1.472,0.39762295081967214,207.38524590163934,23.991803278688526,34.39262295081967
6.575,2650000.0,23.0,1.832,0.105,185.5,23.5,44.45
6.654166666666667,1508624.8333333333,14.333333333333334,1.0126666666666666,0.18583333333333335,126.25,20.416666666666664,26.175
6.733333333333333,367249.6666666667,5.666666666666667,0.19333333333333336,0.26666666666666666,67.0,17.333333333333332,7.8999999999999995
6.650000000000001,1884874.8333333333,4.333333333333333,0.08416666666666668,3.466666666666667,158.0,21.0,10.799999999999999
6.98888888888889,200476.0,24.88888888888889,1.09,1.0728571428571427,283.3333333333333,21.11111111111111,58.27777777777778
6.25,2303356.8470193115,14.333333333333334,1.2141666666666666,2.982,330.8333333333333,20.5,44.35
6.599999999999999,933414.0,22.0,0.12333333333333334,3.9000000000000004,79.0,23.333333333333332,9.299999999999999
6.483333333333333,900000.0,27.166666666666668,0.6766666666666667,0.195,323.1666666666667,19.833333333333332,34.9394304538167
6.5,1523077.9158058956,24.333333333333332,0.9700000000000001,0.2,308.0,22.666666666666668,29.666666666666668
6.5168478260869565,4531123.315217392,21.946557971014492,0.8238451086956522,0.5144927536231884,270.8505434782609,22.273550724637683,27.45679347826087
6.533152173913043,4077371.6847826084,19.63677536231884,0.6824048913043479,0.8188405797101448,234.89945652173913,21.893115942028984,25.318206521739132
6.550000000000001,3608495.0,17.25,0.5362500000000001,1.1333333333333333,197.75,21.5,23.108333333333334
6.566304347826088,3154743.3695652173,14.940217391304348,0.3948097826086957,1.4376811594202896,161.79891304347828,21.119565217391305,20.969746376811596
6.583152173913044,2685866.6847826084,12.553442028985506,0.24865489130434792,1.752173913043478,124.64945652173913,20.726449275362317,18.7598731884058
6.6000000000000005,2216990.0,10.166666666666666,0.1025,2.0666666666666664,87.5,20.333333333333332,16.55
6.6685499058380415,1715391.261016949,18.260828625235405,0.30300847457627117,1.5957062146892653,157.4472693032015,20.5969868173258,26.165442561205268
6.7444444444444445,1160049.8,27.22222222222222,0.5249999999999999,1.0742857142857143,234.88888888888889,20.88888888888889,36.8111111111111
6.333333333333333,1825459.0,6.5,0.7108333333333333,2.368,231.5,22.833333333333332,48.333333333333336
6.516666666666667,2303356.8470193115,39.166666666666664,0.9641666666666667,0.2425,294.5,20.833333333333332,54.48333333333333
6.0,1000043.3333333334,3.0,0.15833333333333333,4.166666666666667,96.33333333333333,24.0,11.733333333333334
6.866666666666667,600042.75,11.166666666666666,0.38916666666666666,2.1719999999999997,201.0,21.333333333333332,37.63333333333333
6.7459239130434785,1498171.4057065216,10.649999999999999,0.3636983695652174,2.2476467391304347,189.03804347826087,21.20978260869565,32.93054347826087
6.629076086956522,2367328.169293478,10.149999999999999,0.3390516304347826,2.320853260869565,177.46195652173913,21.090217391304346,28.37945652173913
6.508333333333334,3265456.825,9.633333333333333,0.3135833333333333,2.3964999999999996,165.5,20.96666666666667,23.676666666666666
6.391485507246378,4134613.5885869567,9.133333333333333,0.2889365942028985,2.4697065217391305,153.92391304347825,20.847101449275364,19.125579710144926
6.270742753623189,1523077.9158058956,8.616666666666667,0.26346829710144926,2.545353260869565,141.96195652173913,20.723550724637683,14.422789855072462
6.15,2303356.8470193115,8.1,0.238,2.621,130.0,20.6,9.72
6.142090395480226,3875579.116949153,15.012994350282487,0.892282485875706,2.19435593220339,151.83050847457628,19.682485875706217,17.786214689265538
6.133333333333333,1600077.5,22.666666666666668,1.6166666666666665,1.7220000000000002,176.0,18.666666666666668,26.71666666666667
6.587500000000001,1502475.0,28.25,0.7731250000000001,2.0366666666666666,430.75,21.125,36.75
6.466666666666668,2303356.8470193115,22.833333333333332,1.0483333333333331,2.722,217.83333333333334,22.0,19.333333333333332
6.453594771241831,2303356.8470193115,27.310457516339866,1.2996405228758168,2.2569019607843135,231.78758169934642,21.80392156862745,19.771241830065357
6.4400871459695,2303356.8470193115,31.93681917211329,1.5593246187363834,1.7763006535947712,246.20697167755992,21.601307189542485,20.223747276688453
6.426579520697167,2303356.8470193115,36.56318082788671,1.8190087145969498,1.2956993464052287,260.6263616557734,21.398692810457515,20.676252723311546
6.413507625272331,2303356.8470193115,41.04030501089325,2.0703159041394334,0.8306013071895424,274.58061002178647,21.202614379084967,21.114161220043574
6.3999999999999995,2303356.8470193115,45.666666666666664,2.33,0.35,289.0,21.0,21.566666666666666
6.563934426229508,2303356.8470193115,32.387978142076506,1.5119672131147541,1.3090163934426229,284.08196721311475,22.639344262295083,24.07486338797814
6.733333333333333,2303356.8470193115,18.666666666666668,0.6666666666666666,2.3,279.0,24.333333333333332,26.666666666666668
6.506227106227106,2303356.8470193115,13.897435897435898,0.5616300366300366,3.0477472527472527,218.53296703296704,22.913919413919412,20.722161172161172
6.293772893772894,3143020.4395604404,9.435897435897438,0.4633699633699634,3.7472527472527473,161.967032967033,21.586080586080588,15.16117216117216
6.066666666666666,633581.0,4.666666666666667,0.35833333333333334,1.9797890179026632,101.5,20.166666666666668,9.216666666666667
6.050273224043716,1141677.0655737706,6.469945355191257,0.3198087431693989,3.426967213114754,88.13934426229508,21.23224043715847,8.880601092896175
6.033333333333334,1666709.6666666667,8.333333333333334,0.27999999999999997,2.3233333333333333,74.33333333333333,22.333333333333332,8.533333333333333
6.344444444444444,2714502.8571428573,25.88888888888889,0.49277777777777776,3.42375,191.0,21.72060951989097,20.566666666666666
6.438888888888889,2457251.4285714286,21.61111111111111,0.7047222222222222,2.089375,237.0,19.055555555555557,46.45
6.533333333333334,2200000.0,17.333333333333332,0.9166666666666666,0.755,283.0,21.0,32.01440668392524
6.648087431693989,2593442.62295082,28.80874316939891,1.2478142076502732,0.4968032786885246,346.44262295081967,22.147540983606557,53.97267759562841
6.766666666666667,3000000.0,40.666666666666664,1.5899999999999999,0.23,412.0,23.333333333333332,35.0
6.533333333333332,2303356.8470193115,36.5,0.8983333333333333,0.2575,355.1666666666667,19.833333333333332,32.54118326169609
6.5,2000064.5,15.333333333333334,1.0358333333333334,1.778,189.83333333333334,24.666666666666668,50.083333333333336
6.166666666666667,1666811.3333333333,5.0,0.13999999999999999,2.0232968052996325,131.0,25.333333333333332,18.666666666666668
6.416666666666667,2303356.8470193115,23.333333333333332,1.3125,0.42500000000000004,488.0,21.666666666666668,34.9394304538167
6.814754098360656,1523077.9158058956,41.9672131147541,1.9642178927934901,0.3208196721311476,413.29508196721315,22.34426229508197,58.19672131147541
7.2,4571739.130434782,60.0,1.9642178927934901,0.22,341.0,23.0,30.0
6.825,4100000.0,48.625,1.95625,0.5660000000000001,429.875,20.875,32.01440668392524
6.433333333333334,1100000.0,51.0,1.315,2.14,411.6666666666667,23.333333333333332,49.666666666666664
6.599999999999999,1667100.0,4.666666666666667,0.31666666666666665,3.5999999999999996,81.33333333333333,17.333333333333332,7.733333333333334
6.533333333333334,1666744.0,3.6666666666666665,0.6233333333333334,2.6333333333333333,95.33333333333333,18.333333333333332,9.866666666666667
6.467759562841531,1994666.868852459,4.404371584699454,0.48972677595628417,2.9612021857923496,94.51366120218579,20.30054644808743,9.981420765027323
6.400000000000001,2333520.5,5.166666666666667,0.3516666666666666,3.3000000000000003,93.66666666666667,22.333333333333332,10.1
6.133333333333333,933466.3333333334,6.0,0.5166666666666666,3.033333333333333,65.66666666666667,22.333333333333332,14.4
6.299862258953167,4281090.661157024,16.888429752066116,0.9744077134986225,2.3074380165289257,137.06060606060606,22.119834710743802,23.90495867768595
6.466391184573002,2303356.8470193115,27.77685950413223,1.4321487603305785,1.5815426997245179,208.45454545454544,21.90633608815427,33.4099173553719
6.616804407713498,2303356.8470193115,37.611570247933884,1.8455922865013774,0.9258953168044077,272.93939393939394,21.71349862258953,41.99504132231405
6.783333333333332,2303356.8470193115,48.5,2.3033333333333332,0.19999999999999998,344.3333333333333,21.5,51.5
6.5,3333345.3333333335,27.666666666666668,0.8416666666666668,3.2325,241.0,21.833333333333332,24.53333333333333
6.933333333333334,1300000.0,44.0,1.5599999999999998,0.0,294.6666666666667,24.0,44.86666666666667
6.785792349726776,4791865.573770491,32.278688524590166,1.1773770491803277,1.785245901639344,252.2896174863388,22.278688524590166,37.64535519125683
6.633333333333333,2303356.8470193115,20.166666666666668,0.782,3.63,208.5,20.5,30.183333333333334
6.3999999999999995,3500050.0,9.333333333333334,0.14,3.8000000000000003,102.0,21.666666666666668,9.766666666666667
6.066666666666666,1150064.0,9.333333333333334,0.168,2.8333333333333335,104.33333333333333,19.0,13.766666666666666
7.0,2303356.8470193115,38.666666666666664,1.8036666666666665,0.0,451.0,20.666666666666668,24.0
6.8,2500007.0,3.0,0.162,2.766666666666667,277.5101921131432,21.666666666666668,7.8999999999999995
6.433333333333334,2303356.8470193115,8.333333333333334,0.10533333333333335,2.1999999999999997,82.33333333333333,22.333333333333332,9.799999999999999
6.6342592592592595,2303356.8470193115,17.116666666666667,0.867301851851852,1.6661111111111109,163.96666666666667,21.816666666666666,17.848518518518517
6.815740740740741,4009457.533333333,25.049999999999997,1.5555314814814816,1.1838888888888888,237.7,21.349999999999998,25.118148148148148
7.016666666666667,1650000.0,33.833333333333336,2.3175000000000003,0.65,319.3333333333333,20.833333333333332,33.166666666666664
6.451092896174863,2068055.4098360655,20.96448087431694,1.2015163934426232,2.084426229508197,206.87431693989072,19.60382513661202,20.986338797814206
6.812322849387146,2500046.0,7.666666666666667,0.04833333333333334,3.566666666666667,90.66666666666667,18.333333333333332,8.4
6.755555555555556,3866666.6666666665,36.0,1.2650000000000001,0.7666666666666667,323.3333333333333,21.77777777777778,33.111111111111114
6.812322849387146,2500014.5,7.333333333333333,0.22166666666666668,1.955324831412016,155.66666666666666,23.333333333333332,7.833333333333333
6.333333333333333,1150074.0,8.333333333333334,0.06833333333333334,2.1,82.66666666666667,18.0,16.766666666666666
6.366666666666667,3666669.0,19.166666666666668,1.1366666666666667,1.0425,203.33333333333334,20.166666666666668,19.349999999999998
6.273497267759563,2476663.7418032787,14.0,0.6716666666666666,2.2575136612021858,158.95081967213116,20.84426229508197,15.394535519125682
6.183333333333334,1325045.75,9.0,0.22166666666666668,3.433333333333333,116.0,21.5,11.566666666666668
6.566666666666666,1812522.875,26.0,0.5308333333333334,1.8166666666666667,214.0,20.5,14.033333333333335
6.95,2300000.0,43.0,0.84,0.2,312.0,19.5,16.5
6.9170454545454545,2667356.05,42.86818181818182,1.2510530303030303,1.4179999999999997,269.9939393939394,20.35681818181818,24.02681818181818
6.881818181818182,3060047.0,42.72727272727273,1.6904545454545454,2.7199999999999998,225.0909090909091,21.272727272727273,32.07272727272727
6.871328671328672,3336954.582417582,41.60839160839161,1.344975024975025,1.8529670329670327,257.8081918081918,21.23776223776224,32.98281718281718
6.8604895104895105,3623092.417582418,40.452214452214456,0.9879795204795205,0.9570329670329669,291.6160506160506,21.2016317016317,33.92324342324343
6.8500000000000005,3900000.0,39.333333333333336,0.6425,0.09000000000000001,324.3333333333333,21.166666666666668,34.833333333333336
7.0,2850018.5,38.0,2.28,2.1283333333333334,318.0,19.0,17.0
6.416666666666667,1800037.0,14.0,0.10333333333333333,4.166666666666667,182.5,20.333333333333332,33.516666666666666
7.033333333333334,4000350.0,15.0,0.2316666666666667,2.69,102.33333333333333,20.333333333333332,8.733333333333333
6.8784543325526935,3237888.8647540985,15.0,0.3487939110070258,2.8848087431693985,123.0,21.252927400468383,16.927400468384075
6.728571428571429,2500023.25,15.0,0.4621428571428572,3.073333333333333,143.0,22.142857142857142,24.857142857142858
6.753174603174603,3287546.125,23.77777777777778,0.8657936507936509,2.9576666666666664,216.83333333333334,22.349206349206348,29.900793650793652
6.777777777777778,4075069.0,32.55555555555556,1.2694444444444446,2.842,290.6666666666667,22.555555555555557,34.94444444444444
6.8120527306967995,3881260.4350282485,31.184557438794727,1.2305555555555556,3.5576610169491523,276.6666666666667,21.421845574387948,27.9075329566855
6.850000000000001,3666686.6666666665,29.666666666666668,1.1875,1.955324831412016,261.1666666666667,20.166666666666668,20.116666666666667
6.9893442622950825,2289635.1912568305,37.20765027322405,1.0510245901639343,3.6577868852459017,286.0027322404372,19.510928961748633,14.870765027322406
7.133333333333334,866682.0,45.0,0.91,2.9425000000000003,311.6666666666667,18.833333333333332,9.450000000000001
7.075956284153006,1833901.3442622952,29.672131147540988,0.9329508196721311,2.443319672131148,265.3551912568306,19.98087431693989,11.966393442622952
7.016666666666667,2833361.3333333335,13.833333333333334,0.9566666666666667,1.9275,217.5,21.166666666666668,14.566666666666668
6.8,2933342.0,24.833333333333332,1.2283333333333335,3.05,181.83333333333334,20.833333333333332,23.78333333333333
6.666666666666667,2303356.8470193115,16.666666666666668,0.4466666666666666,3.1666666666666665,112.66666666666667,20.666666666666668,5.633333333333333
6.755629139072848,2303356.8470193115,26.315673289183223,0.7388741721854304,2.5370860927152314,154.9580573951435,20.666666666666668,8.993377483443709
6.8417218543046365,1523077.9158058956,35.65342163355409,1.0216556291390728,1.9278145695364237,195.8852097130243,20.666666666666668,12.245033112582782
6.930684326710817,4367551.23178808,45.30242825607064,1.3138631346578367,1.2982339955849889,238.1766004415011,20.666666666666668,15.605077262693158
7.019646799116998,3649007.3642384107,54.95143487858719,1.6060706401766005,0.6686534216335542,280.46799116997795,20.666666666666668,18.965121412803533
7.1000000000000005,3000000.0,63.666666666666664,1.87,0.1,318.6666666666667,20.666666666666668,22.0
6.966666666666666,1700000.0,46.333333333333336,1.2633333333333334,0.1,304.3333333333333,20.666666666666668,38.0
6.961202185792349,4675490.983606557,37.15300546448088,1.2365573770491805,1.477049180327869,283.7868852459016,20.120218579234972,33.568306010928964
6.955555555555555,2303356.8470193115,27.666666666666668,1.208888888888889,2.9,262.55555555555554,19.555555555555557,28.988888888888887
6.82167577413479,2303356.8470193115,16.27322404371585,0.74632058287796,3.3508196721311476,204.16757741347905,20.51183970856102,18.232058287795994
6.683333333333334,3250908.25,4.5,0.26833333333333337,3.816666666666667,143.83333333333334,21.5,7.116666666666667
6.7087431693989075,2030781.918032787,8.142076502732241,0.31745901639344265,3.4693989071038254,122.7431693989071,22.262295081967213,11.969945355191257
6.733333333333333,850014.5,11.666666666666666,0.365,3.1333333333333333,102.33333333333333,23.0,16.666666666666668
6.566666666666667,1500040.0,4.666666666666667,0.34500000000000003,2.0232968052996325,158.0,20.666666666666668,5.3999999999999995
7.066666666666666,2300000.0,14.666666666666666,1.9642178927934901,0.1,269.3333333333333,25.333333333333332,24.333333333333332
6.683333333333333,3933398.6666666665,35.5,1.61,3.3749999999999996,275.6666666666667,20.166666666666668,26.116666666666664
7.133333333333333,1300000.0,35.666666666666664,1.9900000000000002,0.1,271.3333333333333,24.0,33.333333333333336
6.927683615819209,2913687.4576271186,30.604519774011298,1.3168610169491526,1.1791864406779662,225.61581920903953,22.861016949152543,25.12632768361582
6.7,4700270.0,25.0,0.5716,2.3739999999999997,175.0,21.6,16.04
6.3999999999999995,4000144.0,2.6666666666666665,1.0966666666666667,2.0232968052996325,126.0,23.0,6.666666666666667
6.8,2303356.8470193115,21.833333333333332,0.7171666666666666,2.8525000000000005,185.0,19.5,23.5
7.1,1523077.9158058956,52.0,1.9642178927934901,2.6496311475409837,244.0,18.0,17.0
6.499999999999998,1700011.5,43.333333333333336,0.9444444444444444,2.44,229.11111111111111,20.77777777777778,20.92222222222222
6.796448087431693,3800557.1857923497,54.85245901639344,0.933207650273224,2.2595901639344262,220.24590163934425,20.4672131147541,24.010928961748633
7.083333333333333,2303356.8470193115,26.62098382745631,0.9223333333333334,2.085,211.66666666666666,20.166666666666668,27.0
6.066666666666666,4000017.0,5.666666666666667,0.47833333333333333,3.433333333333333,118.0,20.666666666666668,8.333333333333334
6.6000000000000005,510021.3333333333,27.333333333333332,1.1583333333333334,3.65,255.33333333333334,21.833333333333332,26.016666666666666
6.833333333333333,4400000.0,37.0,1.9642178927934901,0.1,279.62870876069377,22.333333333333332,22.333333333333332
6.949999999999999,2466774.6666666665,25.5,0.625,3.725,221.0,24.25,17.633333333333333
6.8372222222222225,2303356.8470193115,29.769444444444446,0.8392777777777778,3.491791666666667,240.4138888888889,22.115277777777777,12.775833333333333
6.716666666666668,2303356.8470193115,34.333333333333336,1.0683333333333334,3.2425000000000006,261.1666666666667,19.833333333333332,7.583333333333333
6.634699453551913,1523077.9158058956,27.693989071038253,1.1019398907103826,3.4552049180327873,243.70765027322403,19.01366120218579,11.476775956284152
6.55,1210020.0,20.833333333333332,1.1366666666666667,3.6750000000000003,225.66666666666666,18.166666666666668,15.5
6.697540983606557,2385420.4918032787,21.489071038251367,1.1555191256830601,3.087295081967213,243.61748633879782,18.166666666666668,16.31967213114754
6.8500000000000005,3600001.0,22.166666666666668,1.175,2.48,262.1666666666667,18.166666666666668,17.166666666666668
6.7653005464480875,2126232.879781421,22.92896174863388,1.160601092896175,2.507950819672131,235.23224043715848,19.01366120218579,15.515027322404372
6.683333333333333,700005.6666666666,23.666666666666668,1.1466666666666667,2.535,209.16666666666666,19.833333333333332,13.916666666666666
6.869672131147541,945643.2295081967,25.191256830601095,0.9086612021857924,2.8475409836065575,233.6448087431694,21.442622950819672,14.941530054644808
7.050000000000001,1183357.0,26.666666666666668,0.6783333333333333,3.15,257.3333333333333,23.0,15.933333333333332
6.996428571428572,1258088.7173913042,34.76190476190476,1.0002380952380954,2.7424137931034487,324.5357142857143,22.726190476190474,22.84642857142857
6.942857142857142,1332820.4347826086,42.857142857142854,1.3221428571428573,2.334827586206897,391.73809523809524,22.452380952380953,29.759523809523813
6.969975786924939,1322661.771292436,43.399515738498785,1.976041162227603,2.332155880963628,351.99798224374496,24.13599677158999,20.382122679580306
7.0,1311414.6795711734,44.0,1.9642178927934901,2.329197921587152,308.0,26.0,10.0
7.016393442622951,1300530.397260274,41.950819672131146,2.19016393442623,2.3263353802550784,297.0163934426229,25.016393442622952,12.786885245901638
7.033333333333333,1289283.3055390113,39.83333333333333,1.6633333333333333,2.323377420878602,285.66666666666663,24.0,15.666666666666664
7.049726775956285,1278399.023228112,37.78415300546448,1.1534972677595627,2.3205148795465287,274.6830601092896,23.016393442622952,18.453551912568305
7.066666666666667,1267151.9315068494,35.666666666666664,0.6266666666666666,2.3175569201700523,263.3333333333333,22.0,21.333333333333332
6.8,1255904.8397855866,26.0,0.22,2.314598960793576,298.0,21.761965657801102,10.0
6.75,1245020.5574746872,50.0,1.135,2.3117364194615027,292.0,20.0,11.0
6.877049180327869,1233773.4657534247,33.22950819672131,1.5440983606557377,2.3087784600850263,294.28688524590166,20.762295081967213,13.032786885245901
7.0,1222889.1834425253,17.0,1.94,2.3059159187529525,296.5,21.5,15.0
7.116666666666667,1211642.0917212625,14.5,1.1733333333333333,2.3029579593764766,231.08333333333331,19.916666666666664,13.5
7.233333333333333,1200395.0,12.0,0.40666666666666673,2.3000000000000003,165.66666666666666,18.333333333333332,12.0
6.9,1500000.0,51.0,1.6560000000000001,0.635,388.6,25.8,32.6
6.2,1417446.410326087,28.412871242379296,1.08,0.9473586956521738,402.0,20.0,20.0
6.527868852459016,1337555.839673913,26.465069912920022,1.3433879781420766,1.249641304347826,385.11475409836066,20.81967213114754,20.546448087431695
6.866666666666666,1255002.25,39.44444444444444,1.6155555555555554,1.5619999999999998,367.6666666666667,21.666666666666668,21.11111111111111
7.0,1100000.0,29.0,1.56,0.55,292.0,25.0,32.54118326169609
7.033333333333334,2303356.8470193115,15.0,1.3683333333333334,3.3800000000000003,454.8333333333333,23.5,27.0
6.98816029143898,2303356.8470193115,20.70309653916211,1.436375227686703,2.705114754098361,369.76684881602915,23.86703096539162,23.837887067395265
6.944444444444444,4335325.0,26.22222222222222,1.5022222222222221,2.0520000000000005,287.44444444444446,24.22222222222222,20.77777777777778
6.840546448087432,2979173.928961749,16.250273224043717,1.1819453551912569,2.9982622950819673,188.93333333333334,23.804371584699453,13.102087431693988
6.74,1666769.6666666667,6.6,0.8720000000000001,3.914,93.6,23.4,5.674
6.765454545454546,1785056.9761904762,15.572727272727272,1.2123636363636363,3.170888888888889,216.11818181818182,22.654545454545456,16.887
6.790909090909091,1903344.2857142857,24.545454545454547,1.5527272727272725,2.4277777777777776,338.6363636363636,21.90909090909091,28.1
6.763585002568054,1617011.4043583535,35.99280945043657,1.5261222393425782,1.3800188323917137,377.0914227015922,20.528505392912173,30.900000000000002
6.733333333333334,1300000.0,48.666666666666664,1.4966666666666668,0.22,419.6666666666667,19.0,34.0
7.2749999999999995,3234266.6666666665,7.25,1.7575,3.8649999999999993,196.0,24.0,14.325
6.942857142857143,1315007.75,39.857142857142854,0.8828571428571428,1.9240000000000002,271.42857142857144,19.071428571428573,24.0
7.052927400468384,1209266.2336065574,43.37002341920375,0.9707962529274005,1.0121967213114755,361.5456674473068,20.675644028103044,36.459016393442624
7.166666666666667,1100000.0,47.0,1.0616666666666668,0.07,454.6666666666667,22.333333333333332,49.333333333333336
7.0989071038251375,990374.8524590164,31.979963570127502,1.0438797814207652,1.6570257611241224,375.55737704918033,22.389799635701273,41.31511839708561
7.033333333333334,884286.0,17.444444444444443,1.0266666666666668,3.1928571428571435,299.0,22.444444444444443,33.55555555555556
6.975737704918033,4373419.344262295,36.32677595628415,1.446504918032787,1.8167330210772836,354.2918032786885,23.23497267759563,40.05765027322404
6.92,2303356.8470193115,54.6,1.8527999999999998,0.485,407.8,24.0,46.35
6.826666666666667,2303356.8470193115,33.71666666666667,1.4047333333333332,1.6325000000000003,353.48333333333335,22.5,28.798333333333336
6.733333333333334,2303356.8470193115,12.833333333333334,0.9566666666666667,2.7800000000000002,299.1666666666667,21.0,11.246666666666668
6.6785555555555565,2303356.8470193115,25.383888888888887,0.7852444444444444,2.615666666666667,291.5461111111111,19.64666666666667,19.29577777777778
6.62,400005.6666666667,38.8,0.602,2.44,283.4,18.2,27.9
6.799859484777517,730741.6912568306,34.261358313817325,0.7850913348946136,1.9580327868852458,300.9784543325527,18.663700234192035,35.05925058548009
6.985714285714286,1072502.25,29.571428571428573,0.9742857142857142,1.46,319.14285714285717,19.142857142857142,42.457142857142856
6.968149882903981,971054.4221311476,30.68384074941452,0.9926697892271661,1.5534426229508196,281.03981264637,19.892271662763466,30.699531615925057
6.95,866225.0,31.833333333333332,1.0116666666666665,1.65,241.66666666666666,20.666666666666668,18.55
6.947176684881604,736013.7180327869,31.97449908925319,0.9602258652094716,1.8913934426229508,259.90528233151184,21.626593806921676,34.9394304538167
6.9444444444444455,610002.8,32.111111111111114,0.9104444444444444,2.125,277.55555555555554,22.555555555555557,34.9394304538167
6.909153005464482,3953980.270491803,33.70628415300547,1.4787636612021857,2.424327868852459,288.9617486338798,24.115437158469945,34.9394304538167
6.875000000000001,2303356.8470193115,35.25,2.02875,2.714,300.0,25.625,46.808749999999996
6.9,3860043.75,28.412871242379296,0.09,1.507,334.0,22.0,54.2
7.05,530000.0,47.0,1.645,0.3,304.5,21.761965657801102,62.5
7.1,780000.0,26.5,1.9642178927934901,0.07,168.0,25.0,38.1
6.788888888888888,1816953.3333333333,26.444444444444443,0.8722222222222222,2.631428571428572,309.25,21.22222222222222,31.099999999999998
6.8496812386156645,1357377.267759563,27.14799635701275,0.7229735883424409,2.2725292740046843,372.4291569086651,20.62112932604736,27.161270491803275
6.9125,882482.0,27.875,0.56875,1.9016666666666664,437.7142857142857,20.0,23.09125
7.03422131147541,818583.475409836,24.100409836065573,0.5516598360655738,1.886092896174863,348.9613583138173,21.081967213114755,18.777520491803276
7.160000000000001,752555.0,20.2,0.534,1.8699999999999999,257.25,22.2,14.319999999999999
7.078688524590165,1218113.169398907,27.59426229508197,0.6336065573770493,1.8787119437939108,259.4733606557377,22.797131147540984,20.47172131147541
7.000000000000001,1668653.3333333333,34.75,0.7300000000000001,1.8871428571428568,261.625,23.375,26.425
6.85,2289986.3333333335,52.0,1.835,2.2701053864168617,425.0,24.5,21.599999999999998
6.8,2891276.3333333335,24.294117647058822,1.2135294117647057,2.6407142857142856,314.0,23.235294117647058,57.61529411764705
6.720000000000001,2033199.4166666667,29.147058823529413,0.9667647058823529,3.257357142857143,301.8,22.71764705882353,38.75564705882353
6.640000000000001,1175122.5,34.0,0.72,3.874,289.6,22.2,19.895999999999997
7.2,1364579.1440677966,46.0,0.86,2.9152372881355935,486.0,26.0,27.7
6.83,1574334.7142857143,18.7,0.986,1.8537500000000002,324.9,22.5,16.35
7.2,1247049.6908665104,29.0,1.77,1.6551844262295083,414.0,25.0,14.99
6.933333333333334,908855.1666666666,40.22222222222222,0.9355555555555554,1.45,366.44444444444446,20.333333333333332,20.883333333333333
6.9879781420765035,629728.8551912569,34.86703096539162,1.496757741347905,1.4113583138173302,346.77231329690346,20.60655737704918,18.22814207650273
7.044444444444445,341298.3333333333,29.333333333333332,2.076666666666666,1.3714285714285714,326.44444444444446,20.88888888888889,15.484444444444442
7.021857923497269,410895.0273224044,29.5591985428051,1.4188342440801456,1.6146370023419205,301.26047358834245,22.31183970856102,16.606994535519124
7.000000000000001,478246.6666666667,29.77777777777778,0.7822222222222223,1.8500000000000003,276.8888888888889,23.68888888888889,17.693333333333335
7.0,23.0,15.0,1.89,0.74,277.9958319914331,21.761965657801102,12.7
6.822222222222222,854166.6666666666,18.0,0.9477777777777777,2.89,254.0,24.066666666666666,56.3111111111111
6.817361111111111,3074799.9999999995,17.75,0.9038888888888889,2.587857142857143,278.5,23.652083333333334,37.49305555555555
6.8125,1523077.9158058956,17.5,0.86,2.2857142857142856,303.0,23.2375,18.675
7.1,3461590.141242938,40.0,1.9642178927934901,2.0156577885391442,380.0,20.7,44.3
6.9363636363636365,1431263.75,22.545454545454547,1.4590909090909092,1.7166666666666666,312.00363636363636,20.936363636363634,32.78727272727272
6.666666666666667,400047.0,7.666666666666667,0.060000000000000005,1.9797890179026632,220.66666666666666,22.766666666666666,30.933333333333334
6.977777777777778,856560.0,27.555555555555557,0.9088888888888889,1.6933333333333331,421.77777777777777,19.91111111111111,22.571111111111108
7.133333333333333,785000.0,37.0,2.2533333333333334,0.035,401.3333333333333,21.666666666666668,31.036666666666672
7.0,2565000.0,40.333333333333336,0.6833333333333332,0.51,317.0,20.633333333333333,16.929999999999996
6.936475409836065,1388608.4426229508,27.586065573770494,0.991639344262295,1.6195628415300547,268.34016393442624,21.810655737704916,19.830532786885243
6.875,250165.0,15.25,1.29,2.6933333333333334,221.25,22.95,22.6375
7.0,550017.5,20.4,0.667,1.988,202.8,20.6,13.224
7.083333333333333,1872000.0,29.833333333333332,1.781666666666667,1.184,322.8333333333333,21.133333333333336,55.70333333333334
6.9,4102680.8333333335,34.0,0.89,1.7391428571428569,374.0,20.0,20.09
6.8625,2303356.8470193115,18.625,0.6662499999999999,2.294285714285714,328.75,23.775000000000002,33.06375
6.904791666666666,3400489.361111111,17.71875,0.5568958333333333,3.3201031746031746,364.87916666666666,22.989583333333332,28.707104166666667
6.95,265350.0,16.75,0.44,1.9797890179026632,403.5,22.15,24.05
6.8,230000.0,60.0,2.06,0.1,464.0,22.5,36.5
7.0200000000000005,504615.71428571426,29.1,1.29,1.5275,366.6,19.069999999999997,34.354
7.1,694308.8056206089,50.0,0.86,1.5129918032786884,468.0,21.5,34.9394304538167
6.733333333333333,890325.0,20.5,1.0333333333333334,1.4979999999999998,296.0,22.316666666666663,16.631666666666664
6.804172876304024,998467.9918032787,26.62146050670641,1.1097168405365128,1.3663205828779599,289.9940387481371,22.257377049180327,35.81293591654247
6.872727272727274,1103122.5,32.54545454545455,1.1836363636363636,1.238888888888889,284.1818181818182,22.2,54.375454545454545
6.333333333333333,251650.0,16.333333333333332,0.16333333333333333,3.813333333333333,237.33333333333334,18.366666666666667,23.46666666666667
7.022222222222222,569836.6666666666,23.0,1.0611111111111111,0.34166666666666673,418.3333333333333,23.355555555555554,34.9394304538167
7.3,776225.8333333333,26.0,1.52,1.4098333333333335,408.0,24.6,25.6
6.6,982615.0,23.0,0.26399999999999996,2.478,243.456,21.8,34.98
7.033333333333334,39501.0,29.0,1.3633333333333333,0.25,372.6666666666667,23.3,33.36666666666667
6.788888888888888,327937.6666666667,23.555555555555557,0.8722222222222222,2.04,306.0,20.733333333333334,35.111111111111114
7.2,358007.62568306015,28.0,0.33,1.8281733021077284,338.0,23.1,33.4
7.1400966183574885,389079.9166666667,28.26207729468599,0.4820048309178744,1.6092857142857144,327.74154589371983,21.96183574879227,28.76385265700483
7.082125603864735,419149.87568306015,28.515700483091788,0.6291062801932368,1.3974590163934426,317.8140096618357,20.86038647342995,24.277258454106278
7.022222222222223,450222.1666666667,28.77777777777778,0.7811111111111111,1.1785714285714286,307.55555555555554,19.72222222222222,19.64111111111111
7.233333333333333,24745.0,32.666666666666664,1.3233333333333333,0.275,287.3333333333333,20.433333333333334,54.06666666666666
6.833333333333335,682750.0,26.0,0.855,3.13,229.0,23.783333333333335,30.083333333333332
6.939207650273225,658616.3729508197,28.922131147540984,0.8236612021857923,2.32591985428051,354.016393442623,23.12691256830601,30.112978142076503
7.041666666666667,635261.25,31.75,0.7933333333333333,1.5477777777777777,475.0,22.491666666666664,30.14166666666667
6.8,147623.0,10.666666666666666,0.715,2.3920000000000003,355.6666666666667,21.15,16.96666666666667
7.2,71687.18644067796,28.412871242379296,0.66,1.3269661016949155,320.0,19.8,66.6
7.199999999999999,3100.0,52.666666666666664,2.066666666666667,0.365,445.3333333333333,22.333333333333332,45.56666666666667
7.075,65165.0,50.5,1.7774999999999999,1.555,300.5,24.275,34.9394304538167
7.062704918032787,741313.3606557377,36.23770491803279,1.4713524590163933,0.856639344262295,387.3032786885246,20.525,32.54118326169609
7.05,1440000.0,21.5,1.155,0.135,477.0,21.72060951989097,26.025
7.25,170.0,20.0,1.9642178927934901,0.48,286.0,21.72060951989097,20.25
6.83,689984.2857142857,29.0,0.9189999999999999,1.9377777777777776,248.8,22.63,29.992000000000008
6.644285714285715,878286.6,26.714285714285715,0.5671428571428572,1.6033333333333335,294.0,20.028571428571432,26.461428571428574
7.116666666666667,733258.25,35.5,1.6050000000000002,0.36500000000000005,357.3333333333333,24.116666666666664,37.77
6.824999999999999,1150175.0,21.0,0.7675000000000001,3.5866666666666664,267.0,19.975,25.6175
6.92,601004.2857142857,34.0,1.1496999999999997,1.9144444444444444,300.4,25.41,32.266999999999996
6.74,161025.0,12.2,0.8,2.1339999999999995,325.6,23.02,35.324
7.033333333333334,4.0,28.412871242379296,1.2100000000000002,2.125,298.0,24.333333333333332,25.423333333333336
7.055480225988701,237290.47457627117,54.154802259887006,1.106542372881356,1.260084745762712,359.1254237288136,23.131073446327683,48.856327683615824
7.08,500000.5,29.6,0.992,0.30250000000000005,426.8,21.8,32.54118326169609
7.155409836065574,271334.84426229505,44.059016393442626,0.9185573770491804,0.5570081967213114,394.9311475409836,20.685245901639345,34.9394304538167
7.233333333333333,35047.0,59.0,0.8426666666666668,0.82,362.0,19.53333333333333,34.9394304538167
7.059562841530055,406884.7049180328,38.39344262295082,1.020535519125683,1.2932240437158469,391.60655737704917,19.984153005464478,34.9394304538167
6.880000000000001,791117.0,17.1,1.2043333333333333,1.7822222222222222,422.2,20.45,37.581
6.824999999999999,54000.0,30.5,0.9149999999999999,2.14,281.5,19.325,25.7925
6.833333333333333,329205.0,23.75,0.37081818181818177,1.750909090909091,287.0,21.0,25.989166666666666
7.0,70000.0,16.0,0.36700000000000005,0.1,484.0,24.7,52.8
6.899999999999999,504362.1,16.714285714285715,0.5905384615384615,1.639230769230769,248.85714285714286,23.642857142857142,41.200714285714284
7.25,415000.0,15.0,0.551,0.175,240.0,22.55,54.3
7.099999999999999,5.0,26.62098382745631,0.875,3.625,226.0,22.900000000000002,44.36666666666667
6.964666666666666,460377.5833333334,44.65777777777778,0.92575,3.4108833333333335,248.23333333333335,21.508000000000003,37.29131111111111
6.82,952500.0,22.2,0.9799999999999999,3.182,272.0,20.02,29.727999999999998
7.0,1317775.0,14.4,0.6016,2.532,193.2,22.52,10.508
6.980000000000001,852122.5,28.0,1.46,0.395,322.8,19.6,38.5
6.8999999999999995,990000.0,23.666666666666668,1.1216666666666668,0.8233333333333334,440.6666666666667,20.366666666666664,41.8
6.9222222222222225,1015685.5,25.22222222222222,1.471625,1.6675,280.6666666666667,21.62222222222222,62.47222222222222
6.483333333333333,435250.0,17.166666666666668,0.4155,2.6916666666666664,201.66666666666666,20.116666666666667,40.105
7.0,17.0,24.0,1.27,0.2,370.0,26.0,30.0
6.975,1570000.0,16.75,0.42025,0.94,282.5,24.475,60.02499999999999
7.169230769230769,143535.5,24.23076923076923,0.80625,1.7125000000000001,276.46153846153845,23.53333333333333,44.861538461538466
7.099999999999999,255.5,21.666666666666668,1.705,0.21000000000000002,370.0,23.333333333333332,62.96666666666667
7.15,15001.0,43.5,0.8833333333333333,1.5399999999999998,220.5,24.049999999999997,36.15
7.138135593220339,41106.254237288136,44.44915254237288,1.0241242937853108,1.0322033898305083,280.0593220338983,23.314406779661017,31.26186440677966
7.124999999999999,70008.5,45.5,1.18,0.47000000000000003,346.0,22.5,25.85
7.124999999999999,214865.8887587822,41.86065573770492,1.1374453551912567,0.7094808743169401,333.7295081967213,22.00327868852459,28.67737704918033
7.124999999999998,364551.85714285716,38.1,1.0934722222222222,0.9569444444444446,321.05,21.49,31.599
7.124999999999998,509409.2459016394,34.46065573770492,1.050917577413479,1.1964253187613847,308.77950819672134,20.993278688524587,34.42637704918033
7.124999999999997,659095.2142857143,30.7,1.0069444444444442,1.4438888888888892,296.1,20.479999999999997,37.348
6.633333333333333,290135.0,14.333333333333334,0.8033333333333333,3.893333333333333,149.33333333333334,21.233333333333334,16.05666666666667
6.911111111111112,1006750.3333333334,24.333333333333332,1.6720000000000002,2.5342857142857143,236.88888888888889,23.1,39.31333333333333
6.633333333333333,105650.0,11.333333333333334,0.43333333333333335,3.49,167.33333333333334,19.266666666666666,30.669999999999998
6.863636363636362,466565.25,17.09090909090909,1.2636,2.0555555555555554,281.09090909090907,23.8,31.59272727272727
6.864412722263961,534185.152892562,19.74346773520327,1.1742892561983471,2.1306257378984648,283.9996660823107,22.963085399449035,31.98031137824526
6.86518908089156,601805.055785124,22.396026379497453,1.0849785123966942,2.2056959202413746,286.9084230737123,22.126170798898073,32.367895483763256
6.865890308039068,662881.097107438,24.79188580015026,1.004310743801653,2.273501246228519,289.53568745304284,21.3702479338843,32.71797145003757
6.866666666666667,730501.0,27.444444444444443,0.915,2.3485714285714283,292.44444444444446,20.533333333333335,33.10555555555556
7.625000000000001,622959.8524590164,7.0,1.0182786885245902,2.1743325526932082,370.0,21.1075,13.475
6.855555555555557,511834.0,25.11111111111111,1.125,1.9942857142857142,295.55555555555554,19.57777777777778,43.99888888888889
6.803642987249545,748625.0655737704,27.67941712204007,1.1594262295081967,2.211733021077283,288.77959927140256,20.53952641165756,39.301621129326044
6.749999999999999,993309.1666666666,30.333333333333332,1.195,2.4364285714285714,281.77777777777777,21.533333333333335,34.44777777777777
6.786703096539162,847892.6557377048,30.22040072859745,1.5011885245901642,2.7162997658079626,254.10928961748635,22.182695810564663,61.447704918032784
6.822222222222223,707167.0,30.11111111111111,1.7975,2.987142857142857,227.33333333333334,22.81111111111111,34.9394304538167
6.923861566484518,739354.825136612,29.151183970856103,1.5306967213114755,2.719250585480094,271.4335154826958,23.742805100182146,65.41928961748633
7.022222222222222,770504.3333333334,28.22222222222222,1.2725,2.4600000000000004,314.1111111111111,24.644444444444442,43.97666666666666
6.982369146005509,676862.8297520662,30.271808999081724,1.0854752066115703,2.767072018890201,308.84481175390266,23.58833792470156,39.813158861340675
6.942516069788797,583221.326170799,32.32139577594123,0.8984504132231405,3.0741440377804015,303.5785123966942,22.532231404958676,35.64965105601469
6.90651974288338,498641.9035812673,34.172635445362715,0.7295247933884297,3.351499409681228,298.82185491276397,21.578328741965105,31.889063360881543
6.866666666666667,405000.4,36.22222222222222,0.5425,3.6585714285714284,293.55555555555554,20.522222222222222,27.72555555555556
6.828415300546448,284804.36721311475,31.358834244080143,0.6602868852459016,3.005175644028103,315.8506375227687,20.11238615664845,34.53593806921676
6.788888888888889,160601.8,26.333333333333332,0.7819999999999999,2.3300000000000005,338.8888888888889,19.688888888888886,41.57333333333334
6.811111111111111,590866.6,42.111111111111114,0.5525,2.457142857142857,364.8888888888889,22.27777777777778,42.13444444444444
7.033333333333334,171062.2,29.555555555555557,1.815375,2.052857142857143,291.77777777777777,21.4,32.43333333333333
6.9444444444444455,506043.8,35.888888888888886,1.49675,2.5142857142857147,306.44444444444446,22.7,62.39666666666666
7.4684881602914395,644844.9648351648,20.943533697632056,1.5846483516483516,2.31978021978022,304.7504553734062,22.257377049180327,36.43109289617486
6.817531471765811,788272.8351648352,5.5,1.6754766483516483,2.1187912087912086,303.0,21.8,9.6
6.877777777777778,927074.0,27.333333333333332,1.763375,1.9242857142857142,340.44444444444446,23.755555555555556,43.63
6.934722222222222,739643.1666666667,36.083333333333336,1.1903541666666666,1.6365873015873014,356.72222222222223,23.68277777777778,45.70333333333333
6.991666666666666,552212.3333333334,44.833333333333336,0.6173333333333334,1.3488888888888886,373.0,23.61,47.77666666666667
7.285694444444444,576888.5371900827,54.33888888888889,0.6838549127640037,1.4799259259259259,355.6479338842975,22.440413223140496,50.97794444444445
7.6,603266.5482093664,64.5,0.7549641873278238,1.62,337.099173553719,21.1901652892562,54.4
7.2901639344262295,628793.6556473828,56.58196721311475,0.823779614325069,1.759549180327869,319.1487603305785,19.980247933884296,42.6355737704918
6.970000000000001,655171.6666666666,48.4,0.894888888888889,1.90375,300.6,18.73,30.479000000000003
7.009344262295081,570815.8469945355,45.36423248882265,0.9571566484517305,1.8559076663452267,286.5836065573771,19.824709388971684,33.26108643815201
7.049999999999998,483648.1666666667,42.22727272727273,1.0215,1.8064705882352943,272.1,20.95590909090909,36.13590909090909
7.143169398907102,692854.2076502732,41.09538002980626,1.3621894353369763,1.7913243330118933,272.9639344262295,22.25134873323398,42.64163561847988
7.233333333333332,895311.6666666666,40.0,1.6918888888888888,1.7766666666666666,273.8,23.505,48.93750000000001
7.45,703080.4972677595,28.412871242379296,1.5130601092896174,0.84,340.0688524590164,22.75,32.01440668392524
6.865,517050.3333333333,28.2,1.3399999999999999,2.21625,404.2,25.069,59.919000000000004
7.355,589541.5702479339,28.412871242379296,1.2144628099173553,2.48,390.8264462809917,19.549999999999997,33.0
7.4350000000000005,662032.8071625344,28.412871242379296,1.0889256198347106,1.05,377.45289256198345,22.4,52.85
7.37409604519774,727508.7630853994,60.293785310734464,0.9755371900826446,1.875762711864407,365.37355371900827,22.95367231638418,37.92457627118644
7.3066666666666675,800000.0,47.333333333333336,0.85,2.79,352.0,23.566666666666663,21.400000000000002
6.3870000000000005,1204785.7142857143,34.0,1.438888888888889,0.9375000000000001,330.8,20.781111111111112,27.195
6.916363636363635,838357.0,40.45454545454545,1.2877777777777777,1.47625,409.45454545454544,19.77909090909091,28.5
7.067647058823531,368866.5,47.88235294117647,0.9441666666666667,1.7300000000000002,383.3333333333333,20.689999999999998,39.62499999999999
7.128,2.0,44.4,2.18,1.9797890179026632,332.6666666666667,20.990000000000002,53.339999999999996
6.76,1300000.0,54.0,0.33,0.36,172.0,18.67,9.25
7.05,488512.6666666667,36.0,1.6409999999999996,1.2999999999999998,299.4,22.498333333333335,28.992499999999996
7.008,473517.0,26.9,0.7277777777777779,2.1774999999999998,400.2,23.776,32.456
7.134444444444444,1150100.0,24.444444444444443,1.8087499999999999,1.9583333333333333,262.2857142857143,24.02444444444445,28.21777777777778
7.065299145299145,1137557.5,26.645299145299145,1.435375,1.7472916666666667,324.4155844155844,23.7991452991453,33.23707070707071
6.996153846153845,1125015.0,28.846153846153847,1.062,1.5362500000000003,386.54545454545456,23.573846153846155,38.25636363636364
7.32,2200.0,39.0,1.5799999999999998,2.1,318.6666666666667,22.940000000000005,34.9394304538167
7.264285714285714,180055.0,37.857142857142854,0.735,1.986666666666667,329.6,24.02285714285714,32.01440668392524
6.91,2303356.8470193115,17.0,1.275,0.9,279.62870876069377,21.15,40.95
7.043529411764706,506434.375,34.705882352941174,1.0156363636363637,2.450909090909091,355.46666666666664,22.83529411764706,41.13461538461539
7.0774493731919,548683.0430327869,31.899710703953712,0.8287191824568874,2.1857078986587184,306.30273224043714,22.884329797492768,38.97965231489822
7.1125,592340.0,29.0,0.6355714285714286,1.9116666666666668,255.5,22.935,36.75285714285714
7.146803278688524,947849.8633879782,32.85382513661202,0.7405342180588083,1.9997540983606559,255.75409836065575,23.469877049180326,38.23788056206089
7.179999999999999,1291891.6666666667,36.583333333333336,0.8421111111111111,2.085,256.0,23.9875,39.675
7.186666666666667,10.0,15.5,0.033,0.86,223.33333333333334,22.25,34.9
7.124,1083140.0,31.2,0.6573749999999999,1.9316666666666669,237.75,24.193,39.75375
6.82,1840041.0,34.333333333333336,0.3606666666666667,2.2637500000000004,451.3333333333333,20.352222222222224,21.432222222222222
7.059166666666666,352501.5,27.333333333333332,0.6603333333333333,2.40625,401.6,23.86916666666667,24.70375
7.19,4.0,23.666666666666668,1.43,1.1,392.0,21.3,16.2
7.341666666666666,14.0,49.5,1.54,3.5,404.0,23.401666666666667,47.25
7.084999999999999,1164000.0,48.25,0.871,0.5566666666666666,323.0,24.1,32.65
7.041428571428573,445845.0909090909,38.0,0.9051875,1.7735714285714284,346.94736842105266,22.690952380952385,46.43882352941176
6.817531471765811,494349.1445603577,4.5,1.9642178927934901,1.7209953161592506,375.0,23.4,9.915
7.230000000000001,544470.0,58.4,1.9642178927934901,1.6666666666666667,249.5,23.337,41.525
7.191654247391953,587326.3989071038,40.964232488822645,1.9642178927934901,1.4835040983606558,245.68852459016392,23.569985096870344,43.44344262295082
7.154545454545455,628800.3333333334,24.09090909090909,0.7773749999999999,1.30625,242.0,23.795454545454547,45.3
7.48,821545.9672131147,50.5,0.09,1.4436748633879781,329.8454332552693,22.1,42.42233606557377
7.072000000000001,1008074.0,30.3,1.0415,1.5766666666666669,414.85714285714283,20.304000000000002,39.637499999999996
6.9836923076923085,605064.25,28.573076923076925,0.7870833333333334,1.5802083333333334,373.6285714285714,21.92623076923077,53.979861111111106
6.895384615384616,202054.5,26.846153846153847,0.5326666666666667,1.58375,332.4,23.548461538461538,68.32222222222222
7.117532051282052,104395.79166666667,36.0232905982906,0.9277111111111112,1.5674375,314.8066666666667,23.112594017094015,60.98898148148148
7.355,2.0,45.833333333333336,1.35,1.55,296.0,22.646666666666665,53.15
7.09,49.0,28.0,1.9642178927934901,2.45,395.0,23.183333333333337,56.0
7.526666666666666,75350.75181159421,40.666666666666664,0.17,2.299633152173913,351.60748792270533,24.136666666666667,31.0
7.308886086591005,148223.41485507248,36.70701975620008,0.5557923497267759,2.1541168478260873,309.6147342995169,23.418381672971837,38.712021857923496
7.083846153846154,223525.16666666666,32.61538461538461,0.9544444444444444,2.00375,266.22222222222223,22.67615384615385,46.68111111111111
7.010744010088272,524348.6199701938,30.24311409039623,0.9156909153005465,1.9945843091334896,292.34494535519127,22.39326418663304,46.48171448087431
6.94,815468.0909090909,27.94736842105263,0.8781875000000001,1.9857142857142858,317.625,22.1195,46.28874999999999
7.001428571428571,851834.0,33.714285714285715,0.5242857142857144,1.901666666666667,318.2857142857143,18.57857142857143,32.54118326169609
7.308461538461538,284758.6666666667,18.166666666666668,0.7823333333333333,1.98625,279.77777777777777,23.91,37.08888888888888
7.385897435897435,211810.37190082646,37.41666666666667,0.4711666666666667,2.265185950413223,316.8553719008264,23.43,31.49444444444444
7.463333333333334,138862.07713498623,56.666666666666664,0.16,2.544121900826446,353.9329660238751,22.950000000000003,25.9
7.413239171374766,72973.29476584023,45.02824858757062,0.9256497175141244,2.796064049586777,387.4224058769513,23.288003766478344,45.057062146892655
7.3577777777777795,25.0,32.142857142857146,1.7733333333333334,3.0749999999999997,424.5,23.662222222222223,66.26666666666667
7.65,61412.950819672136,5.0,0.9848087431693988,2.610245901639344,383.77595628415304,22.14,32.01440668392524
7.2725,124847.16666666667,28.412871242379296,0.17,2.13,341.69444444444446,22.7875,12.5
7.262328614008942,186235.1174863388,45.967213114754095,0.624795081967213,1.6652459016393442,300.9704007285975,22.498118479880777,28.28743169398907
7.251818181818181,249669.33333333334,23.88888888888889,1.09475,1.185,258.8888888888889,22.19909090909091,44.60111111111111
7.118958500515877,732148.1772540984,24.77879781420765,0.9729098360655736,1.2086311475409837,297.78926110715133,21.246293133096415,46.76708147044213
6.990384615384615,1199063.1875,25.64,0.8549999999999998,1.2315,335.4347826086956,20.324230769230773,48.86318181818182
7.18,14.0,34.0,1.71,2.95,328.0,24.566666666666666,47.0
6.9575000000000005,1038434.8181818182,26.41176470588235,0.6616875,1.5021428571428574,336.6,22.7905,52.11333333333334
7.425000000000001,772456.530052592,46.5,0.17,1.6873376623376626,345.1570247933885,23.3,37.30666666666667
6.824507877952916,506478.24192336586,58.0,0.2,1.8725324675324677,353.71404958677687,22.24666666666667,22.5
7.468700564971751,266239.7881292262,48.03389830508475,1.4837288135593218,2.039805194805195,361.44297520661155,22.922824858757064,23.354237288135593
7.175714285714286,261.5,37.0,1.9642178927934901,2.225,370.0,23.67142857142857,24.3
7.54,688994.8606557377,41.0,0.16,2.144672131147541,386.37002341920373,26.1,40.48032786885246
7.317272727272728,1400686.0,35.5,0.42025,2.0616666666666665,403.2857142857143,20.8,57.2
7.381143282946562,1580676.4918032787,46.72950819672131,0.5047172131147541,1.3919945355191259,434.37470725995314,21.50257611241218,48.809836065573776
7.447142857142857,1766666.6666666667,58.333333333333336,0.592,0.7000000000000001,466.5,22.228571428571428,40.14
6.905714285714285,1020006.2,35.833333333333336,0.6158571428571429,1.788333333333333,328.85714285714283,19.057142857142857,60.28333333333333
7.17076923076923,859378.5714285715,27.0,0.8737777777777779,1.782,327.3333333333333,23.515384615384612,34.18875
6.774285714285716,444340.0,36.166666666666664,0.5742857142857142,1.925,416.7142857142857,22.442857142857143,36.22833333333333
7.005,1122334.0,16.8,0.4948333333333333,2.777,322.27272727272725,22.459999999999997,27.32
7.545999999999999,50.0,22.5,1.515,3.4,400.0,20.580000000000002,32.1
7.603333333333333,118709.95665445665,28.412871242379296,0.54,2.8395364238410594,391.9235347985348,18.633333333333336,34.9394304538167
7.57683615819209,225886.69169719168,28.412871242379296,0.3216949152542373,2.3333112582781457,384.628663003663,20.77683615819209,32.01440668392524
7.547499999999999,344546.64835164836,28.412871242379296,0.08,1.7728476821192052,376.5521978021978,23.15,63.167500000000004
7.3225,459378.86446886446,28.412871242379296,0.145,1.2304635761589404,368.7362637362637,24.075000000000003,53.6425
7.306,578038.8211233211,28.412871242379296,0.06,0.67,360.65979853479854,22.5,43.8
7.5600000000000005,692871.0372405372,55.92207792207792,0.09,0.5470491803278689,352.84386446886447,26.25,37.99672131147541
7.34,811530.9938949938,41.02597402597402,0.31841440217391304,0.42,344.76739926739924,21.761965657801102,32.0
7.37,930190.9505494505,26.129870129870127,0.5468288043478261,0.72,336.6909340659341,25.439754098360655,34.9394304538167
6.827,1045023.1666666666,11.714285714285714,0.767875,2.25625,328.875,24.075,45.714285714285715
6.92,1045023.1666666666,11.714285714285714,0.767875,2.25625,328.875,21.14016393442623,45.714285714285715
7.01,1045023.1666666666,11.714285714285714,0.767875,2.25625,328.875,18.3,45.714285714285715
